pmcid,pmid,topic_category,title,journal,year,doi,article_category,article_type_raw,abstract,n_sections,n_equations,n_figures,n_tables,n_references
PMC12529775,38598310,Protein Structure & Enzyme Engineering,Unraveling the Catalytic Mechanism of β‑Cyclodextrin in the Vitamin D Formation,Journal of Chemical Information and Modeling,2024,10.1021/acs.jcim.3c02049,research,research-article,"Previous experimental studies have shown that the isomerization reaction of previtamin D3 (PreD3) to vitamin D3 (VitD3) is accelerated 40-fold when it takes place within a β-cyclodextrin dimer, in comparison to the reaction occurring in conventional isotropic solutions. In this study, we employ quantum mechanics-based molecular dynamics (MD) simulations and statistical multistructural variational transition state theory to unveil the origin of this acceleration. We find that the conformational landscape in the PreD3 isomerization is highly dependent on whether the system is encapsulated. In isotropic media, the triene moiety of the PreD3 exhibits a rich torsional flexibility. However, when encapsulated, such a flexibility is limited to a more confined conformational space. In both scenarios, our calculated rate constants are in close agreement with experimental results and allow us to identify the PreD3 flexibility restriction as the primary catalytic factor. These findings enhance our understanding of VitD3 isomerization and underscore the significance of MD and environmental factors in biochemical modeling.",12,16,8,1,43
PMC7617870,38996455,Protein Structure & Enzyme Engineering,Chaperones in concert: Orchestrating co-translational protein folding in the cell,Molecular cell,2024,10.1016/j.molcel.2024.06.018,research,research-article,"In this issue of Molecular Cell, Roeselová et al.1 provide insights into co-translational folding of a multidomain protein in bacteria, revealing how the chaperones Trigger Factor, DnaJ, and DnaK work together to facilitate the folding of nascent chains.",0,0,1,0,9
PMC12260327,36779817,Protein Structure & Enzyme Engineering,"Functional, pathogenic, and pharmacological roles of protein folding intermediates",Proteins,2023,10.1002/prot.26479,review,review-article,"AbstractProtein expression and function in eukaryotic cells are tightly harmonized processes modulated by the combination of different layers of regulation, including transcription, processing, stability, and translation of messenger RNA, as well as assembly, maturation, sorting, recycling, and degradation of polypeptides. Integrating all these pathways and the protein quality control machinery, deputed to avoid the production and accumulation of aberrantly folded proteins, determines protein homeostasis. Over the last decade, the combined development of accurate time‐resolved experimental techniques and efficient computer simulations has opened the possibility of investigating biological mechanisms at atomic resolution with physics‐based models. A meaningful example is the reconstruction of protein folding pathways at atomic resolution, which has enabled the characterization of the folding kinetics of biologically relevant globular proteins consisting of a few hundred amino acids. Combining these innovative computational technologies with rigorous experimental approaches reveals the existence of non‐native metastable states transiently appearing along the folding process of such proteins. Here, we review the primary evidence indicating that these protein folding intermediates could play roles in disparate biological processes, from the posttranslational regulation of protein expression to disease‐relevant protein misfolding mechanisms. Finally, we discuss how the information encoded into protein folding pathways could be exploited to design an entirely new generation of pharmacological agents capable of promoting the selective degradation of protein targets.",8,0,2,0,51
PMC12406528,40919504,Protein Structure & Enzyme Engineering,"Using NMR-detected hydrogen-deuterium exchange to quantify protein stability in cosolutes, under crowded conditions in vitro and in cells",Magnetic Resonance Letters,2023,10.1016/j.mrl.2023.04.003,review,review-article,"We review the use of nuclear magnetic resonance (NMR) spectroscopy to assess the exchange of amide protons for deuterons (HDX) in efforts to understand how high concentration of cosolutes, especially macromolecules, affect the equilibrium thermodynamics of protein stability. HDX NMR is the only method that can routinely provide such data at the level of individual amino acids. We begin by discussing the properties of the protein systems required to yield equilibrium thermodynamic data and then review publications using osmolytes, sugars, denaturants, synthetic polymers, proteins, cytoplasm and in cells.",10,138,2,0,107
PMC11725786,39739814,Protein Structure & Enzyme Engineering,Deciphering the role of the MALT1–RC3H1 axis in regulating GPX4 protein stability,Proceedings of the National Academy of Sciences of the United States of America,2024,10.1073/pnas.2419625121,research,research-article,"SignificanceGPX4, an antioxidant defense enzyme, is a critical regulator of ferroptosis by neutralizing lipid hydroperoxides. However, our understanding of the mechanisms underlying the regulation of GPX4 remains limited. In this study, we provide unique mechanistic insights into GPX4 regulation, showing that MALT1 stabilizes GPX4 by protecting it from ubiquitin-mediated degradation through the specific cleavage of the E3 ubiquitin ligase RC3H1. The MALT1–RC3H1 axis represents a promising therapeutic target for inducing ferroptosis in liver cancer cells. Pharmacological inhibition of MALT1 with MI-2 induces ferroptosis and shows strong synergistic effects when combined with sorafenib or regorafenib across various cancer types, including liver, thyroid, kidney, and colorectal cancers, highlighting the translational potential of our findings for the development of novel therapeutic strategies.",29,0,5,0,49
PMC11815676,39742998,Protein Structure & Enzyme Engineering,A physicochemical rationale for the varied catalytic efficiency in RNase J paralogues,The Journal of Biological Chemistry,2025,10.1016/j.jbc.2024.108152,research,research-article,"Paralogs of the bifunctional nuclease, Ribonuclease J (RNase J), demonstrate varied catalytic efficiencies despite extensive sequence and structural similarity. Of the two Staphylococcus aureus RNase J paralogues, RNase J1 is substantially more active than RNase J2. Mutational analysis of active site residues revealed that only H80 and E166 were critical for nuclease activity. Electronic properties of active site residues were further evaluated using density functional theory in conjunction with molecular mechanics. This analysis suggested that multiple residues at the active site can function as Lewis bases or acids in RNase J2. The bond dissociation energy, on the other hand, suggested that the Mn ion in RNase J2, located at a structurally identical location to that in RNase J1, is crucial for overall structural integrity. Structures of mutant enzymes lacking the metal ion were seen to adopt a different orientation between the substrate binding and catalytic domain than wild-type RNase J2. A surprising finding was that the RNase J2 H78 A mutant was five-fold more active than the wild-type enzyme. Structural and biochemical experiments performed in light of this observation revealed that the RNase J2 catalytic mechanism is distinct from both two-metal ion and one-metal ion reaction mechanisms proposed for RNase J nucleases. Different activity levels in RNase J paralogues can thus be ascribed to the diversity in catalytic mechanisms.",24,6,7,1,68
PMC11725872,39793047,Protein Structure & Enzyme Engineering,Structural basis of nearest-neighbor cooperativity in the ring-shaped gene regulatory protein TRAP from protein engineering and cryo-EM,Proceedings of the National Academy of Sciences of the United States of America,2024,10.1073/pnas.2409030121,research,research-article,"SignificanceHomo-oligomeric proteins are ubiquitous in biology, and their function is often regulated by ligands that bind cooperatively, via poorly understood mechanisms. Aha TRAP is a bacterial protein that assembles into dodecameric rings and is responsible for sensing changes in cellular tryptophan concentration, and for downregulating its production when levels are elevated. By fusing two subunits via a flexible linker, we assembled protein rings in which every other of its twelve ligand binding sites could be altered. Monitoring ligand binding by native mass spectrometry revealed that disabling every other site disrupts cooperative ligand binding. Cryo-EM of these engineered proteins revealed how ligand binding events alter the structure of neighboring sites to enable cooperative binding.",22,4,7,0,74
PMC11720212,39795995,Protein Structure & Enzyme Engineering,Strategic Optimization of the Middle Domain IIIA in RBP-Albumin IIIA-IB Fusion Protein to Enhance Productivity and Thermostability,International Journal of Molecular Sciences,2024,10.3390/ijms26010137,research,research-article,"The protein therapeutics market, including antibody and fusion proteins, has experienced steady growth over the past decade, underscoring the importance of optimizing amino acid sequences. In our previous study, we developed a fusion protein, R31, which combines retinol-binding protein (RBP) with albumin domains IIIA and IB, linked by a sequence (AAAA), and includes an additional disulfide bond (N227C-V254C) in IIIA. This fusion protein effectively inhibited hepatic stellate cell activation. In this study, we further optimized the sequence. The G176K mutation at the C-terminus of RBP altered the initiation site of the first α-helix in domain IIIA, shifting it from P182 to K176, and promoted polar interactions between K176 and adjacent residues, enhancing the rigidity of the RBP/IIIA interface. The introduction of an additional disulfide bond (V231C/Y250C) connecting helices 3 and 4 in IIIA resulted in a three-fold increase in productivity and a 2 °C improvement in thermal stability compared to R31. Furthermore, combining the G176K mutation with V231C/Y250C further enhanced both productivity and anti-fibrotic activity. These findings suggest that the enhanced stability of domain IIIA, conferred by V231C/Y250C, along with the increased rigidity of the RBP/IIIA interface, optimizes interdomain distance and alignment, facilitating proper protein folding.",18,0,9,1,31
PMC11685842,39744096,Protein Structure & Enzyme Engineering,Protein engineering in the deep learning era,mLife,2024,10.1002/mlf2.12157,review,review-article,"AbstractAdvances in deep learning have significantly aided protein engineering in addressing challenges in industrial production, healthcare, and environmental sustainability. This review frames frequently researched problems in protein understanding and engineering from the perspective of deep learning. It provides a thorough discussion of representation methods for protein sequences and structures, along with general encoding pipelines that support both pre‐training and supervised learning tasks. We summarize state‐of‐the‐art protein language models, geometric deep learning techniques, and the combination of distinct approaches to learning from multi‐modal biological data. Additionally, we outline common downstream tasks and relevant benchmark datasets for training and evaluating deep learning models, focusing on satisfying the particular needs of protein engineering applications, such as identifying mutation sites and predicting properties for candidates' virtual screening. This review offers biologists the latest tools for assisting their engineering projects while providing a clear and comprehensive guide for computer scientists to develop more powerful solutions by standardizing problem formulation and consolidating data resources. Future research can foresee a deeper integration of the communities of biology and computer science, unleashing the full potential of deep learning in protein engineering and driving new scientific breakthroughs.",28,12,3,1,150
PMC11685841,39744090,Protein Structure & Enzyme Engineering,Optimizing enzyme thermostability by combining multiple mutations using protein language model,mLife,2024,10.1002/mlf2.12151,research,research-article,"AbstractOptimizing enzyme thermostability is essential for advancements in protein science and industrial applications. Currently, (semi‐)rational design and random mutagenesis methods can accurately identify single‐point mutations that enhance enzyme thermostability. However, complex epistatic interactions often arise when multiple mutation sites are combined, leading to the complete inactivation of combinatorial mutants. As a result, constructing an optimized enzyme often requires repeated rounds of design to incrementally incorporate single mutation sites, which is highly time‐consuming. In this study, we developed an AI‐aided strategy for enzyme thermostability engineering that efficiently facilitates the recombination of beneficial single‐point mutations. We utilized thermostability data from creatinase, including 18 single‐point mutants, 22 double‐point mutants, 21 triple‐point mutants, and 12 quadruple‐point mutants. Using these data as inputs, we used a temperature‐guided protein language model, Pro‐PRIME, to learn epistatic features and design combinatorial mutants. After two rounds of design, we obtained 50 combinatorial mutants with superior thermostability, achieving a success rate of 100%. The best mutant, 13M4, contained 13 mutation sites and maintained nearly full catalytic activity compared to the wild‐type. It showed a 10.19°C increase in the melting temperature and an ~655‐fold increase in the half‐life at 58°C. Additionally, the model successfully captured epistasis in high‐order combinatorial mutants, including sign epistasis (K351E) and synergistic epistasis (D17V/I149V). We elucidated the mechanism of long‐range epistasis in detail using a dynamics cross‐correlation matrix method. Our work provides an efficient framework for designing enzyme thermostability and studying high‐order epistatic effects in protein‐directed evolution.",21,0,6,1,65
PMC11791315,39725033,Protein Structure & Enzyme Engineering,SF3B1 thermostability as an assay for splicing inhibitor interactions,The Journal of Biological Chemistry,2025,10.1016/j.jbc.2024.108135,research,research-article,"The spliceosome protein, SF3B1, is associated with U2 snRNP during early spliceosome assembly for pre-mRNA splicing. Frequent somatic mutations in SF3B1 observed in cancer necessitates the characterization of its role in identifying the branchpoint adenosine of introns. Remarkably, SF3B1 is the target of three distinct natural product drugs, each identified by their potent anti-tumor properties. Structural studies indicate that SF3B1 conformational flexibility is functionally important, and suggest that drug binding blocks the transition to a closed state of SF3B1 required for the next stage of spliceosome assembly. This model is confounded, however, by the antagonistic property of an inactive herboxidiene analog. In this study, we established an assay for evaluating the thermostability of SF3B1 present in the nuclear extract preparations employed for in vitro splicing studies, to investigate inhibitor interactions with SF3B1 in a functional context. We show that both active and antagonistic analogs of natural product inhibitors affect SF3B1 thermostability, consistent with binding alone being insufficient to impair SF3B1 function. Surprisingly, SF3B1 thermostability differs among nuclear extract preparations, likely reflecting its conformational status. We also investigated a synthetic SF3B1 ligand, WX-02-23, and found that it increases SF3B1 thermostability and interferes with in vitro splicing by a mechanism that strongly resembles the activity of natural product inhibitors. We propose that altered SF3B1 thermostability can serve as an indicator of inhibitor binding to complement functional assays of their general effect on splicing. It may also provide a means to investigate the factors that influence SF3B1 conformation.",18,0,6,0,50
PMC11720324,39795912,Protein Structure & Enzyme Engineering,Beyond Misfolding: A New Paradigm for the Relationship Between Protein Folding and Aggregation,International Journal of Molecular Sciences,2024,10.3390/ijms26010053,review,review-article,"Aggregation is intricately linked to protein folding, necessitating a precise understanding of their relationship. Traditionally, aggregation has been viewed primarily as a sequential consequence of protein folding and misfolding. However, this conventional paradigm is inherently incomplete and can be deeply misleading. Remarkably, it fails to adequately explain how intrinsic and extrinsic factors, such as charges and cellular macromolecules, prevent intermolecular aggregation independently of intramolecular protein folding and structure. The pervasive inconsistencies between protein folding and aggregation call for a new framework. In all combined reactions of molecules, both intramolecular and intermolecular rate (or equilibrium) constants are mutually independent; accordingly, intrinsic and extrinsic factors independently affect both rate constants. This universal principle, when applied to protein folding and aggregation, indicates that they should be treated as two independent yet interconnected processes. Based on this principle, a new framework provides groundbreaking insights into misfolding, Anfinsen’s thermodynamic hypothesis, molecular chaperones, intrinsic chaperone-like activities of cellular macromolecules, intermolecular repulsive force-driven aggregation inhibition, proteome solubility maintenance, and proteinopathies. Consequently, this paradigm shift not only refines our current understanding but also offers a more comprehensive view of how aggregation is coupled to protein folding in the complex cellular milieu.",24,36,11,0,233
PMC11685837,39744088,Protein Structure & Enzyme Engineering,GRAPE‐WEB: An automated computational redesign web server for improving protein thermostability,mLife,2024,10.1002/mlf2.12152,research,research-article,"Impact statementWe have developed the GReedy Accumulated strategy for Protein Engineering (GRAPE) to improve enzyme stability across various applications, combining advanced computational methods with a unique clustering and greedy accumulation approach to efficiently explore epistatic effects with minimal experimental effort. To make this strategy accessible to nonexperts, we introduced GRAPE‐WEB, an automated, user‐friendly web server that allows the design, inspection, and combination of stabilizing mutations without requiring extensive bioinformatics knowledge. GRAPE‐WEB's robust performance and accessibility provide a comprehensive and adaptable approach to protein thermostability design, suitable for both newcomers and experienced practitioners in the field. The web server is accessible at https://grape.wulab.xyz.",4,0,1,1,20
PMC11677154,39770093,Protein Structure & Enzyme Engineering,The Catalytic Mechanism of Key Enzymes Involved in the Synthesis of Ergothioneine in Lentinula edodes,Molecules,2024,10.3390/molecules29246005,research,research-article,"C-S lyase is a crucial enzyme responsible for the formation of sulfur-containing flavor compounds in Lentinula edodes. We investigated the involvement of C-S lyase in the synthesis of ergothioneine (EGT) in L. edodes, a high-producing edible mushroom. Through experimental and computational approaches, we identified Lecsl2, a C-S lyase, as a key enzyme involved in EGT synthesis in L. edodes. We characterized the enzymatic catalytic mechanism of Egt1 and Egt2, the two enzymes primarily catalyzing EGT synthesis in fungi. The results showed that Egt1 interacted with His, SAM, and Cys to form the intermediate product Her-sul, while Egt2, a PLP-dependent enzyme, cleaved the C-S bond on Her-sul to produce EGT. However, our findings suggested that Egt2 in L. edodes might not form a covalent bond with PLP, unlike the previously reported catalytic mechanism of Egt2 involving covalent catalysis. The study provided new insights into the synthesis pathway of EGT in L. edodes and highlighted the need for further investigation into the catalytic mechanism of Egt2 in this species.",10,0,6,0,30
PMC11728184,39769378,Protein Structure & Enzyme Engineering,Comparative Analysis of Active LTR Retrotransposons in Sunflower (Helianthus annuus L.): From Extrachromosomal Circular DNA Detection to Protein Structure Prediction,International Journal of Molecular Sciences,2024,10.3390/ijms252413615,research,research-article,"Plant genomes possess numerous transposable element (TE) insertions that have occurred during evolution. Most TEs are silenced or diverged; therefore, they lose their ability to encode proteins and are transposed in the genome. Knowledge of active plant TEs and TE-encoded proteins essential for transposition and evasion of plant cell transposon silencing mechanisms remains limited. This study investigated active long terminal repeat (LTR) retrotransposons (RTEs) in sunflowers (Helianthus annuus), revealing heterogeneous and phylogenetically distinct RTEs triggered by epigenetic changes and heat stress. Many of these RTEs belong to three distinct groups within the Tekay clade, showing significant variations in chromosomal insertion distribution. Through protein analysis of these active RTEs, it was found that Athila RTEs and Tekay group 2 elements possess additional open reading frames (aORFs). The aORF-encoded proteins feature a transposase domain, a transmembrane domain, and nuclear localization signals. The aORF proteins of the Tekay subgroup exhibited remarkable conservation among over 500 Tekay members, suggesting their functional importance in RTE mobility. The predicted 3D structure of the sunflower Tekay aORF protein showed significant homology with Tekay proteins in rice, maize, and sorghum. Additionally, the structural features of aORF proteins resemble those of plant DRBM-containing proteins, suggesting their potential role in RNA-silencing modulation. These findings offer insights into the diversity and activity of sunflower RTEs, emphasizing the conservation and structural characteristics of aORF-encoded proteins.",25,0,6,0,81
PMC11702796,39764114,Protein Structure & Enzyme Engineering,Impact of Frequent ARID1A Mutations on Protein Stability: Insights into Cancer Pathogenesis,Research Square,2024,10.21203/rs.3.rs-5225582/v1,research,research-article,"The ARID1A gene, frequently mutated in cancer, encodes the AT-rich interactive domain-containing protein 1A, a key component of the chromatin remodeling SWI/SNF complex. The ARID1A protein features a conserved DNA-binding domain (ARID domain) of approximately 100 residues crucial for its function. Despite the frequency of mutations, the impact on ARID1A’s stability and contribution to cancer progression remains unclear. We analyzed five frequent missense mutations R1020S, M1022K, K1047Q, G1063V, and A1089T identified in The Cancer Genome Atlas (TCGA) to assess their effects on the stability of the ARID domain using a hybrid experimental and computational approach. By combining computational stability from web server tools, the structural dynamics from replica exchange discrete molecular simulation (rexDMD), and thermal and chemical denaturation experiments, we found that the R1020S mutation severely decreases structural stability, making it the most impactful, while M1022K has minimal effect, and others lie in between. These findings enhance our understanding of the structural-functional relationship of ARID1A missense mutations at the molecular levels and their role in cancer pathogenesis. This research paves the way for identifying and categorizing which ARID1A mutations are most pathogenic, potentially guiding the development of targeted therapies tailored to specific mutation profiles in cancer treatment.",15,124,6,0,39
PMC11698521,39700257,Protein Structure & Enzyme Engineering,Optimisation strategies for directed evolution without sequencing,PLOS Computational Biology,2024,10.1371/journal.pcbi.1012695,research,research-article,"Directed evolution can enable engineering of biological systems with minimal knowledge of their underlying sequence-to-function relationships. A typical directed evolution process consists of iterative rounds of mutagenesis and selection that are designed to steer changes in a biological system (e.g. a protein) towards some functional goal. Much work has been done, particularly leveraging advancements in machine learning, to optimise the process of directed evolution. Many of these methods, however, require DNA sequencing and synthesis, making them resource-intensive and incompatible with developments in targeted in vivo mutagenesis. Operating within the experimental constraints of established sorting-based directed evolution techniques (e.g. Fluorescence-Activated Cell Sorting, FACS), we explore approaches for optimisation of directed evolution that could in future be implemented without sequencing information. We then expand our methods to the context of emerging experimental techniques in directed evolution, which allow for single-cell selection based on fitness objectives defined from any combination of measurable traits. Finally, we explore these alternative strategies on the GB1 and TrpB empirical landscapes, demonstrating that they could lead to up to 19-fold and 7-fold increases respectively in the probability of attaining the global fitness peak.",13,16,5,0,56
PMC11655909,39695007,Protein Structure & Enzyme Engineering,Characterization and structural analysis of a leucine aminopeptidase using site-directed mutagenesis,AMB Express,2024,10.1186/s13568-024-01793-2,research,research-article,"Amp0279 (EC 3.4.11.24, GenBank: CP000817.1) is a Co2+-dependent leucine aminopeptidase from the Lysinibacillus sphaericus C3-41 genome. After analyses using molecular docking and spatial structure analysis, site-directed mutagenesis mutants were performed as Amp0279-R131E, Amp0279-R131H, Amp0279-R131A and Amp0279-E349D. The optimum pH of Amp0279-R131E was shifted from the original 8.5 to 7.5, and the overall electrostatic potential was shifted towards acidic. Compared with the original enzyme, the mutant proteins all gained better structural stability, especially the apparent melting temperature (Tm) of Amp0279-R131H increased from 41.8 to 45.5 °C. Morever, when protein was bound to the substrate, the Tm of Amp0279-R131E was increased by 7.3 °C and Amp0279-R131H increased by 5.4 °C, compared to the original enzyme. This is consistent with the results that the mutants acquired higher binding energies to the substrates, and an increase the hydrogen bonding force. In addition, the molecular docking of mutant and substrate revealed that the truncation of R131 contributes to the increase in the binding capacity of the substrate molecules to the active centre. In contrast, the presence of π-Cation interactions generated by R131 with the substrate has an important effect on the ability of Amp0279 to hydrolyse the substrate. This study demostrated that R131 is a key site for activity and stability, which is important in the future exploration of the functional structure of Amp0279.Supplementary InformationThe online version contains supplementary material available at 10.1186/s13568-024-01793-2.",13,0,6,2,23
PMC11761020,39868219,Protein Structure & Enzyme Engineering,Discovery of an on-pathway protein folding intermediate illuminates the kinetic competition between folding and misfolding,bioRxiv,2024,10.1101/2024.12.14.628475,research,research-article,"Our current understanding of protein folding is based predominantly on studies of small (<150 aa) proteins that refold reversibly from a chemically denatured state. As protein length increases, the competition between off-pathway misfolding and on-pathway folding likewise increases, creating a more complex energy landscape. Little is known about how intermediates populated during the folding of larger proteins affect navigation of this more complex landscape. Previously, we reported extremely slow folding rates for the 539 aa β-helical passenger domain of pertactin (P.69T), including conditions that favor the formation of a kinetically trapped, off-pathway partially folded state (PFS). The existence of an on-pathway intermediate for P.69T folding was speculated but its characterization remained elusive. In this work, we exploited the extremely slow kinetics of PFS unfolding to develop a double-jump “denaturant challenge” assay. With this assay, we identified a transient unfolding intermediate, PFS*, that adopts a similar structure to PFS, including C-terminal folded structure and a disordered N-terminus, yet unfolds much more quickly than PFS. Additional experiments revealed that PFS* also functions as an on-pathway intermediate for P.69T folding. Collectively, these results support a two-step, C-to-N-terminal model for P.69T folding: folding initiates in the C-terminus with the rate-limiting formation of the transient on-pathway PFS* intermediate, which sits at the junction of the kinetic competition between folding and misfolding. Notably, processive folding from C-to-N-terminus also occurs during C-to-N-terminal translocation of P.69T across the bacterial outer membrane. These results illuminate the crucial role of kinetics when navigating a complex energy landscape for protein folding.",18,52,6,0,37
PMC11925331,39670334,Protein Structure & Enzyme Engineering,"Stable and Promiscuous Galactose Oxidases Engineered by Directed Evolution, Atomistic Design, and Ancestral Sequence Reconstruction",ACS Synthetic Biology,2024,10.1021/acssynbio.4c00653,research,research-article,"Galactose oxidase (GOase) is a versatile biocatalyst with a wide range of potential applications, ranging from synthetic chemistry to bioelectrochemical devices. Previous GOase engineering by directed evolution generated the M-RQW mutant, with unprecedented new-to-nature oxidation activity at the C6-OH group of glucose, and a mutational backbone that helped to unlock its promiscuity toward other molecules, including secondary alcohols. In the current study, we have used the M-RQW mutant as a starting point to engineer a set of GOases that are very thermostable and that are easily produced at high titers in yeast, enzymes with latent activities applicable to sustainable chemistry. To boost the generation of sequence and functional diversity, the directed evolution workflow incorporated one-shot computational mutagenesis by the PROSS algorithm and ancestral sequence reconstruction. This synergetic approach helped produce a rapid rise in functional expression by Pichia pastoris, achieving g/L production in a fed-batch bioreactor while the different GOases designed were resistant to pH and high temperature, with T50 enhancements up to 27 °C over the parental M-RQW. These designs displayed latent activity against glucose and an array of secondary aromatic alcohols with different degrees of bulkiness, becoming a suitable point of departure for the future engineering of industrial GOases.",8,0,4,1,31
PMC12668698,39319912,Cancer Biology & Oncology,Retinoblastoma in Ceara: An epidemiological study in a Brazilian pediatric oncology referral center,Arquivos Brasileiros de Oftalmologia,2024,10.5935/0004-2749.2023-0265,research,research-article,"PurposeAlthough Brazil has a high prevalence of retinoblastoma, there is a lack of epidemiological data on the disease. Thus, in this study, we aimed to evaluate the epidemiological profile of patients diagnosed with retinoblastoma in the ophthalmology department of a pediatric tertiary referral hospital in Ceara, Brazil.MethodsA descriptive and cross-sectional study was conducted by retrospectively analyzing the clinical and socioeconomic data from the medical records of pediatric patients followed-up at the hospital between 2007 and 2021. Retinoblastoma was diagnosed on the basis of a fundoscopic or histopathologic examination.ResultsThe data of 105 patients were included in the study, and the mean patient age at the time of diagnosis was 1.7 years. Most of the patients were women (50.5%) and hailed from rural areas (57.4%), which was associated with a higher tumor stage. Of the 150 patients, 57.1% initially presented with leukocoria. Ocular hyperemia was associated with more advanced stages of retinoblastoma (p=0.004). Bilateral involvement was observed in 25.7% of the patients and at a significantly younger age (p=0.009). The presence of retinal detachment, vascularized lesions, and vitreous seeds significantly increased the likelihood of requiring enucleation.DiscussionThis study presents an epidemiological description of retinoblastoma in Brazil, which highlights the significance of early detection. Delayed diagnosis is associated with a poorer visual prognosis and higher mortality rate, particularly in patients with unilateral disease. Risk factors for a more severe disease were retinal detachment, vascularized lesions, and vitreous seeds. The correlation between histopathological features and clinical outcomes was limited.ConclusionFurther studies are required to assess the influence of ocular hyperemia, fundoscopic assessment, and histopathologic findings on the prognosis of retinoblastoma. Moreover, it is critical to devise interventions to reduce the time-to-diagnosis in rural areas.",9,0,1,4,30
PMC12581784,41189730,Cancer Biology & Oncology,Multifunctional Nanovaccine Sensitizes Breast Cancer to Immune Checkpoint Therapy,Advanced Functional Materials,2024,10.1002/adfm.202401749,research,research-article,"AbstractBreast cancer is the primary cause of cancer‐related death in women worldwide. Breast cancer subtypes are characterized by different gene expression patterns, which drive their prognostic factors and therapeutic options. Among them, triple‐negative breast cancer (TNBC) is one of the deadliest due to its aggressiveness, high rate of early recurrence and distant metastases, and limited therapeutic options. Despite the recent approval of monoclonal antibodies targeting programmed cell death protein 1 (PD‐1) or its ligand (PD‐L1) for the treatment of TNBC patients with a locally recurrent unresectable or metastatic tumor expressing PD‐L1, their response rate is very modest. It is reported that polymeric nanoparticle (NP)‐based cancer vaccines, co‐entrapping tumor‐associated antigens, Toll‐like receptor ligands and small interfering RNA (siRNA) targeting the expression of the immunosuppressive cytokine transforming growth factor (TGF)‐β1 by dendritic cells, sensitized TNBC to the agonist immune checkpoint OX40, inhibiting tumor growth and increasing overall survival. This anti‐tumor immune‐mediated effect is also observed in a luminal type of mammary cancer similar to human disease. Therefore, these synergistic anticancer effects of αOX40 and the antigen‐specific adaptive immunity induced by nanovaccine‐mediated TGF‐β silencing may guide the development of novel combination regimens able to improve the response rate to this aggressive tumor.",47,4,6,0,75
PMC12527613,39756372,Cancer Biology & Oncology,Long-term Survival Outcomes of Surgical Resection for Lung Adenocarcinoma with Intraoperatively Diagnosed Pleural Metastasis: Target Treatment Era,Cancer Research and Treatment : Official Journal of Korean Cancer Association,2025,10.4143/crt.2024.993,research,research-article,"PurposeThis study aimed to evaluate the clinical impact of main tumor resection on long-term survival compared with pleural biopsy alone in patients with lung adenocarcinoma who were intraoperatively diagnosed with pleural metastasis.Materials and MethodsA total of 176 patients with adenocarcinoma who had unexpected pleural metastasis detected during surgery from 2002 to 2021 were retrospectively analyzed. Each surgeon decided whether to perform main tumor resection or pleural biopsy alone.ResultsThe patients were grouped based on the surgical approaches: main tumor resection (resection group; n=83) and pleural biopsy only (O&C group; n=93). The resection group had better overall survival (OS; 10-year survival, 27.9% vs. 9.4%; median survival, 68.3 vs. 36.6 months; p < 0.01) and locoregional progression-free survival (10-year survival, 12.5% vs. 7.1%; median survival, 19.6 vs. 10.6 months; p < 0.01) than the O&C group. Similar results were found for OS in patients who received tyrosine kinase inhibitors (TKIs) as first-line therapy (10-year survival, 49.2% vs. 15.0%; median survival, 72.2 vs. 45.4 months; p=0.03), patients who did not undergo TKIs treatment (10-year survival, 29.4% vs. 9.2%; median survival, 82.4 vs. 23.8 months; p < 0.01), and patients with positive target gene mutation (10-year survival, 31.7% vs. 10.1%; median survival, 72.2 vs. 33.7 months; p < 0.01). In multivariate analysis, pleural biopsy only (hazard ratio, 1.73; p=0.04) was a significant predictor of OS.ConclusionMain tumor resection can improve survival in patients with lung adenocarcinoma who had unexpected pleural metastasis during operation.",13,0,4,3,11
PMC12624662,41262671,Cancer Biology & Oncology,Isoliquiritigenin: A natural compound with a promising role in inhibiting breast cancer lung metastasis,Journal of Traditional and Complementary Medicine,2025,10.1016/j.jtcme.2024.10.001,research,research-article,"Background and aimIsoliquiritigenin (ISL) is a dietary bioactive compound that is derived from the roots of licorice and various other plants. Accumulating evidence suggests that ISL has noteworthy anticancer activity in a variety of cancer cells, but it is currently unknown how ISL affects the invasion and migration of breast cancer (BC) cells. Hence, the purpose of this study to determine the inhibitory effect of ISL on cell invasion, migration, and metastasis of BC cells in 4T1-treated lung metastatic animal models.Experimental procedureISL was found to inhibit BC lung metastasis, as confirmed by MTT assay, clonogenic assay, wound healing assay, transwell assay, histological analysis, Western blot and bioluminescence assay in the xenograft model.Results and conclusionThe in vitro studies revealed that ISL treatment significantly prevented BC cell invasion and migration for 24 h. ISL decreased the protein expressions of PI3K, Akt, p-Akt, mTOR, p-mTOR, matrix metalloproteinase (MMP)-2, MMP-9, and N-cadherin, thereby inhibiting BC cell invasion. In addition, ISL decreased MMP-2/9 and N-cadherin expression in lung tissues and reduced mouse 4T1 BC cell lung metastasis. Based on these findings, it suggests that ISL inhibits cell migration and invasion in BC cells by inhibiting the PI3K/Akt signaling pathway and decreasing the activation of MMP-2 and MMP-9 expression. Therefore, ISL may be useful in managing BC invasion and metastasis.",28,0,7,0,63
PMC12478773,41255893,Cancer Biology & Oncology,Post-Lobectomy Tracheal Metastasis of Stage Ib Lung Cancer,Journal of Clinical Practice and Research,2024,10.14744/cpr.2023.35220,research,case-report,"ABSTRACTBackground:Endotracheal/endobronchial metastases represent an extremely rare category of diseases, lacking population-based incidence studies. These metastases are generally classified into two types: pulmonary and nonpulmonary. Pulmonary metastases are considerably rarer than their nonpulmonary counterparts.Case Report:We present a rare case of tracheal metastasis, diagnosed during a follow-up two years after the anatomical resection of early-stage lung cancer. This case was successfully treated.Conclusion:Tracheal metastases after lung cancer surgery are exceedingly rare. Patients often exhibit radiological findings before becoming symptomatic. Therefore, bronchoscopic evaluation is recommended when radiological and clinical suspicions arise.",4,0,3,0,9
PMC12478650,41255902,Cancer Biology & Oncology,Gastric Perforation due to Cervical Cancer Metastasis,Journal of Clinical Practice and Research,2024,10.14744/cpr.2024.33043,research,case-report,"ABSTRACTBackground:Squamous cell carcinoma (SqCC) is the most prevalent subtype of carcinoma of the uterine cervix. It is well-known for its local infiltration and a high frequency of lymphonodal invasion, but distant hematogenous metastases are uncommon.Case Report:This case report highlights the rare occurrence of gastric perforation resulting from metastatic uterine cervical SqCC. A 56-year-old woman, initially treated for cervical cancer, presented with severe abdominal pain and vomiting. Emergency laparotomy revealed a prepyloric stomach perforation. Subsequent subtotal gastrectomy confirmed high-grade malignancy with atypical cells infiltrating the stomach. The literature on gastric metastasis from cervical cancer is limited, making this case noteworthy. Surgical intervention and postoperative therapy were recommended, although the patient’s deteriorating health delayed the planned treatment.Conclusion:While only three similar cases have been reported, emphasizing the need for early radical treatment and postoperative care, this case underlines the complexity and lack of standardized protocols in managing such rare metastatic scenarios.",4,0,1,0,10
PMC12602639,39633221,Cancer Biology & Oncology,LncRNA H19 Promotes Angiogenesis in Mouse Pulmonary Artery Endothelial Cells by Regulating the HIF-1α/VEGF Signaling Pathway,Biochemical Genetics,2024,10.1007/s10528-024-10983-3,research,research-article,"Persistent pulmonary hypertension of the newborn (PPHN) is a syndrome of acute respiratory failure characterized by systemic hypoxemia and elevated pulmonary arterial pressure, which leads to pathological changes in pulmonary vascular remodeling and endothelial cell function. Long non-coding RNA (lncRNA) H19 has been shown to be involved in the regulation of arterial endothelial cell function, but its regulatory role in PPHN is not fully understood. In the present study, mouse pulmonary artery endothelial cells (MPAECs) were cultured in a hypoxic conditions. Subsequently, the regulatory function of lncRNA H19 on MPAECs was explored by constructing adenoviruses knocking down and overexpressing lncRNA H19. The results revealed that the hypoxic conditions could induce the proliferation and migration of MPAECs, as well as the high expression of lncRNA H19 in MPAECs. Knockdown of lncRNA H19 expression in MPAECs reversed hypoxic environment-induced functional changes in endothelial cells, whereas overexpression of lncRNA H19 further enhanced the proliferation and migration of MPAECs. In addition, lncRNA H19 upregulated the hypoxia-inducible factor-1α (HIF-1α)/vascular endothelial growth factor (VEGF) pathway through sponge of miNA-20a-5p, which in turn promoted changes in endothelial cell function. LncRNA H19 may interfere with vascular remodeling in hypoxia-induced pulmonary hypertension by upregulating the expression of HIF-1α and VEGF in vascular endothelial cells.Supplementary InformationThe online version contains supplementary material available at 10.1007/s10528-024-10983-3.",19,0,6,0,62
PMC12570104,41169943,Cancer Biology & Oncology,Optimization of the formulation of Tubiechong gel plaster and its effect on fracture healing by promoting angiogenesis in a rat model,Journal of Traditional and Complementary Medicine,2025,10.1016/j.jtcme.2024.08.009,research,research-article,"Background and aimTransdermal drug delivery has been used in traditional Chinese medicine for thousands of years and is worth further developing. The purpose of this study was to investigate the preparation method of Tubiechong gel plaster (TGP) and evaluate its activity to promote fracture healing.Experimental procedureUsing rat skin as a barrier, and the human umbilical vein endothelial cells (HUVECs) proliferation promotion rate of the receiving solution as the evaluation index, the in vitro permeability of the plaster was studied by Franz diffusion cell method. A modified Einhorn method was used to model rat tibia fractures. The bone healing process was monitored by radiography. Bone development and angiogenesis were assessed by Safranin O Fast Green staining and CD31 immunohistochemistry, respectively. Serum bone metabolites and VEGF levels were determined by ELISA method.Results and conclusionThe optimal dose of azone for TGP is 2 %. The transdermal penetration equation for this plaster is consistent with the Ritger-Peppas equation. The prepared plaster was stable for at least 3 months. X-ray images showed that the fracture healing was promoted by TGP in a dose-related form at all periods. Serum BALP, OC, CTX-I, and VEGF levels also indicated better fracture healing after treatment. TGP significantly stimulated angiogenesis and bone growth at the fracture site on days 7,14 and 21, and the effect of promoting bone growth was shown on the third day. These data prove that the prepared Tubiechong gel plasters can promote fracture healing by promoting angiogenesis.",37,2,6,3,28
PMC12523849,41103331,Cancer Biology & Oncology,Developing a Discrete Choice Experiment Instrument for Evaluating Patients’ Preferences in Precision Oncology,Iranian Journal of Pharmaceutical Research : IJPR,2024,10.5812/ijpr-141797,research,research-article,"BackgroundIn addition to clinical and technical considerations, patients’ preferences are essential for evaluating interventions such as precision medicine (PM).ObjectivesThis study aimed to identify and prioritize attributes of precision oncology that are important for patients to develop and validate a standard stated preference instrument.MethodsThe key attributes of precision oncology and their related levels were extracted from the systematic literature review and were presented on a validated 5-point Likert scale questionnaire to experts (n = 35). In two rounds of Delphi, participants scored and prioritized the attributes through this personally administered questionnaire to identify the five most important ones to develop a discrete choice experiment (DCE) instrument. The developed DCE questionnaire was subsequently validated, providing a robust and standard instrument for evaluating patients’ preferences for precision oncology.ResultsBased on the consensus criteria, the final DCE included four attributes and a total of 14 levels, which were access to treatment (easy/not easy), out-of-pocket (OOP) expenditures (four levels according to treatment costs in the country), change in life expectancy (LE, six levels from an average gain of three months to four years), and change in quality of life (QoL, improvement or no change).ConclusionsThe above-mentioned attributes represent patients’ main preferences from the views of the Iranian experts. The developed DCE questionnaire can be used to assess patients’ preferences and willingness to pay (WTP) in precision oncology.",12,0,2,6,55
PMC12498149,35156633,Cancer Biology & Oncology,Concurrent use of tumor necrosis factor inhibitor and tyrosine kinase inhibitor in ankylosing spondylitis and myeloid neoplasm,European Journal of Rheumatology,2022,10.5152/eurjrheum.2022.21097,research,research-article,"Biologic disease-modifying agents (bDMARDs) are highly effective in controlling the symptoms of autoimmune rheumatic diseases. The decision on whether to continue bDMARDs following a cancer diagnosis is can be challenging for patients and physicians. Here, we describe a case of a middle-aged male with ankylosing spondylitis wno was controlled on infliximab (IFX) ant found to have a myeloid neoplasm with Platelet-Derived Growth Factor Receptor Beta rearrangement. The Patient was started on a tyrosine kinase inhibitor imatinib. Given its significant positive effect on patient’s quality of life, IFX was continued with a favorable outcome. This case highlights the importance of shared decisionmaking in balancing risks and benefits of immunosuppressants in appropriate cases of hematologic malignancy.",3,0,0,0,6
PMC12481689,39375945,Cancer Biology & Oncology,Anlotinib reverses osimertinib resistance by inhibiting epithelial-to-mesenchymal transition and angiogenesis in non-small cell lung cancer,Journal of Biomedical Research,2025,10.7555/JBR.38.20240045,research,research-article,"In the present study, we aimed to investigate whether anlotinib reverses osimertinib resistance by inhibiting the formation of epithelial-mesenchymal transition (EMT) and angiogenesis. In a clinical case, anlotinib reversed osimertinib resistance in non-small cell lung cancer (NSCLC). Therefore, we performed immunohistochemical analyses on tumor tissues from three NSCLC patients with osimertinib resistance to analyze alterations in the expression levels of EMT markers and vascular endothelial growth factor A (VEGFA) before and after the development of osimertinib resistance. The results revealed the downregulation of E-cadherin, coupled with the upregulation of vimentin and VEGFA in tumor tissues of patients exhibiting osimertinib resistance, compared with those in tissues from patients before receiving osimertinib. Subsequently, we established osimertinib-resistant (Osi-R) cell lines and found that the Osi-R cells acquired EMT features. Next, we analyzed the synergistic effects of the combination therapy to verify whether anlotinib could reverse osimertinib resistance by inhibiting EMT. The expression levels of VEGFA and tube formation were analyzed in the combination group in vitro. Finally, we determined the reversal of osimertinib resistance by the combination of osimertinib and anlotinib in vivo using 20 nude mice. The combined treatment of osimertinib and anlotinib effectively prevented the metastasis of Osi-R cells, inhibited tumor growth, exerted antitumor activity, and ultimately reversed osimertinib resistance in mice. The co-administration of osimertinib and anlotinib demonstrated synergistic efficacy in inhibiting EMT and angiogenesis in three NSCLC patients, ultimately reversing osimertinib resistance.",25,0,7,0,35
PMC12481543,39390833,Cancer Biology & Oncology,Bulky Isolated Adrenal Metastasis as First Presentation of Occult Hepatocellular Carcinoma (HCC) in a Patient with a Synchronous Squamous Carcinoma of the Tongue,"Endocrine, Metabolic & Immune Disorders Drug Targets",2024,10.2174/0118715303337748240910093934,research,case-report,"BackgroundThe diagnostic workup of an adrenal mass should always rule out the possibility of an adrenal metastasis, especially in a patient followed-up for a known primitive cancer. Sometimes, however, the incidental finding of a bulky lesion in a cancer patient can lead to the unexpected diagnosis of metastasis from a second occult cancer. Here, we report the case of a voluminous, isolated left adrenal metastasis from unknown and persistently occult hepatocellular carcinoma (HCC), incidentally found during the follow-up for squamous carcinoma of the tongue.Case DescriptionA 72-year-old HBV/HCV-negative male patient with a history of alcohol abuse was referred to our hospital for gastric bleeding. Some weeks before, the patient was operated on for a locally advanced squamous cell carcinoma of the tongue, which required cervical lymph node neck dissection, temporary tracheostomy, jejunostomy, and plastic reconstruction. Subsequent diagnostic imaging revealed a left adrenal mass sized 9x15 cm with suspicious features. The hormonal workout was negative for pheochromocytoma and a hyperfunctioning adrenal lesion. The patient underwent laparotomic left adrenalectomy. The exploration of the liver was compatible with alcoholic cirrhosis and did not reveal any other palpable lesion. The adrenal mass histologically turned out to be a poorly differentiated G3 HCC. Subsequent radiological exams were unable to identify the primary liver lesion or any other neoplasms. Conversely, α-FP levels were initially high but reduced after treatment with sorafenib. After 2 years of follow-up, the patient is alive and well, albeit with evidence of locoregional inter-aortocaval lymphadenopathy. The primary HCC has never been identified, thus suggesting the hypothesis of a diffuse cirrhosis-like HCC.ConclusionThe suspicion of an adrenal metastasis in a patient with primary cancer with a low potential for adrenal metastatic spreading must raise the diagnostic suspect for another synchronous occult cancer beyond that for primary adrenal cancer. HCC can rarely first manifest as a metastatic adrenal lesion.",6,0,2,1,27
PMC12460456,38570403,Cancer Biology & Oncology,Retention rates and reasons for non-retention in exercise oncology trials in the post-treatment phase—a systematic review,Journal of Cancer Survivorship,2024,10.1007/s11764-024-01569-4,review,review-article,"PurposeRetention is a key marker of trial success. Poor retention can induce bias, reduce statistical power and minimise the validity of trials. This review examined retention rates in exercise trials in cancer survivors, reasons for non-retention and retention strategies utilised.MethodsA systematic review was conducted using a predefined search strategy in EMBASE RCTs, MEDLINE OVID, CINAHL, Web of Science—Core Collection and Cochrane Central Register of Controlled Trials (CENTRAL). The search was conducted on 27/03/2023. Title and abstract screening, full text review and data extraction were completed in duplicate.ResultsOf 17,524 studies identified, 67 trials involving 6093 participants were included. The median overall retention rate immediately post-intervention was 89.85%, range (52.94–100%) and mean 87.36% (standard deviation 9.89%). Trials involving colorectal cancer survivors only had the highest median retention rate (94.61%), followed by breast (92.74%), prostate (86.00%) and haematological cancers (85.49%). Studies involving mixed cancer cohorts had the lowest retention rate (80.18%). The most common retention strategies were wait-list control groups, regular check-ins/reminders and free exercise equipment. Common reasons for non-retention were lost to follow-up, health problems, personal reasons including family/work commitments and travel burden, and disease progression.ConclusionsRetention rates in exercise oncology trials are approximately 90% immediately post-interventions. Our previous work highlighted variable suboptimal recruitment rates of median 38% (range 0.52–100%). Recruitment rather than retention should be prioritised for methodology research in exercise oncology.Implications for cancer survivorsOptimising the quality of exercise oncology trials is critical to informing high quality survivorship care.PROSPERO registration number: CRD42023421359.Supplementary InformationThe online version contains supplementary material available at 10.1007/s11764-024-01569-4.",16,0,1,3,39
PMC12482361,41035572,Cancer Biology & Oncology,Co-occurring Mutations in Different Genes Can Fuel Oncogenic Signaling and Serve as Metastatic Tumor Markers,bioRxiv,2024,10.1101/2024.05.01.592039,research,research-article,"Interrogation of big genomic data and integration with large-scale protein-protein interaction networks and pathways, can provide deep patterns that are rare– yet can prompt dramatic phenotypic alterations and serve as clinical signatures. Mapping cancer-specific co-occurring mutation-pair signatures, in primary and metastatic tumors, is indispensable in precision oncology. The additivity of co-occurring driver mutations in different genes (in trans) can lead to powerful proliferation signals. Co-occurring rare in trans combinations can serve as metastasis markers; excluded combinations may indicate candidates for oncogene-induced senescence (OIS), a tumor-suppressive mechanism. Our statistical framework of the pan-cancer mutation profiles of ~60,000 tumor sequences from the TCGA and AACR GENIE databases, identified 3424 statistically significant different double mutations in non-redundant pathways, that is, have different downstream targets that may promote specific cancers through single or multiple pathways. Our analysis indicates that they are mostly in primary tumors. We list actionable in trans mutations for 2385 metastatic tumors and provide co-occurrence trees of metastatic breast-cancer markers. This innovative work clarifies the mechanistic conceptual basis and establishes the first of its kind tool for identifying and predicting metastasis. Crucially, when coupled with their proliferative functions and pathways, and linked with drugs, it could provide an invaluable metastasis-targeting resource.",19,22,7,0,125
PMC11729428,39816803,Cancer Biology & Oncology,New Potent Inhibitor of Transforming Growth Factor-Beta (TGFβ) Signaling that is Efficacious against Microsatellite Stable Colorectal Cancer Metastasis in Combination with Immune Checkpoint Therapy in Mice,ACS Pharmacology & Translational Science,2024,10.1021/acsptsci.4c00374,research,research-article,"Blockade of the TGFβ signaling pathway has emerged from preclinical studies as a potential treatment to enhance the efficacy of immune checkpoint inhibition in advanced colorectal cancer (CRC) and several other types of cancer. However, clinical translation of first-generation inhibitors has shown little success. Here, we report the synthesis and characterization of HYL001, a potent inhibitor of TGFβ receptor 1 (ALK5), that is approximately 9 times more efficacious than the structurally related compound galunisertib, while maintaining a favorable safety profile. HYL001 in combination with immune checkpoint blockade (anti-PD1) eradicates liver metastases generated in mice by microsatellite stable, aggressive colorectal cancer tumors at doses where galunisertib is ineffective.",29,0,8,2,48
PMC12456598,41000584,Cancer Biology & Oncology,An Argument for Decentralized Clinical Trials in Gynecologic Oncology,O&G Open,2024,10.1097/og9.0000000000000005,research,research-article,Distance to study institution and receiving care with nonstudy institution clinicians are barriers to trial enrollment that can be addressed with decentralization of clinical trials.,3,0,1,1,8
PMC12456496,41001603,Cancer Biology & Oncology,Telehealth in Gynecologic Oncology Clinical Trials,O&G Open,2024,10.1097/og9.0000000000000051,research,research-article,"Telehealth in clinical trials is supported by patients and clinicians because it reduces travel, time, and financial burdens without affecting trial integrity, assessments, and deviations.",3,0,0,4,21
PMC12454513,39602041,Cancer Biology & Oncology,"In silico screening of phytochemicals against chromatin modifier, SETD7 for remodeling of the immunosuppressive tumor microenvironment in renal cancer",Molecular Diversity,2024,10.1007/s11030-024-11038-w,research,research-article,"The tumor microenvironment and immune evasion function in a complex cellular network profoundly challenge the clinical outcome of promising therapies. Our recently published study reported that the subset of genes upregulated in ccRCC due to H3K4me1 and DNA demethylation potentially leads to an immunosuppressive environment. Thus, modulating H3K4me1 chromatin modifier SETD7 with a natural inhibitor in combination with immunotherapy might improve the immune landscape for a better therapeutic outcome. The present study was conducted via virtual screening and MD simulation using compounds from the literature, IMPPAT, and SuperNatural database. The phytochemical IMPHY002979 showed better binding affinity and lower energy than the reported R-PFI-2 and cyproheptadine inhibitors. The phytochemicals interact with the SET domain through H-bonding, as confirmed by MD simulation and molecular interaction analysis. Further, the compound was assessed using ADME parameters and free energy estimation, showing better pharmacokinetic properties. Therefore, the non-accessibility of the histone methyltransferase activity domain of SET7 with IMPHY002979 can downregulate H3K4me1 and, thereby, the expression of genes potentially responsible for immunosuppressive TME. Thus, patient stratification based on molecular markers for immunotherapy and combining epigenetic modulators with therapeutic drugs will improve the efficacy of immunotherapy in ccRCC.Supplementary InformationThe online version contains supplementary material available at 10.1007/s11030-024-11038-w.",14,0,6,1,43
PMC12404427,37338497,Cancer Biology & Oncology,The East Asian gut microbiome and its role in oncology: a narrative review,Singapore Medical Journal,2025,10.4103/singaporemedj.SMJ-2022-042,review,review-article,"The field of onco-microbiome is rapidly expanding. Multiple studies have shown the crucial role of gut microbiota in the regulation of nutrient metabolism, immunomodulation and protection against pathogens. Tools for manipulating the gut microbiota include dietary modification and faecal microbiota transfer. Accumulating evidence has also documented the application of specific intestinal microbiome in cancer immunotherapy, notably in enhancing the efficacy of immune checkpoint inhibitors. The aim of this review is to focus on the East Asian microbiome and to provide a current overview of microbiome science and its clinical application in cancer biology and immunotherapy.",9,0,0,0,59
PMC12401526,39602893,Cancer Biology & Oncology,Digitalization and Standardization Oncology Drug Therapy Plans with the Onkopti Database for Online Publication and Import into Software,Oncology,2024,10.1159/000542451,review,review-article,"AbstractBackgroundOncological therapy is based on multidimensional therapy protocols. The requirements for standardized protocols and digitation are high. These protocols are created through several complex development stages to ensure standardized recording. The process involves analyzing original publications published in international journals and extracting key content. Standardized supportive therapy is then added, and compatibility with current guidelines and quality controls is checked.SummaryThe Onkopti® website is based on the WordPress content management system and provides protocols in a variety of formats, generated through the use of a relational SQL database (www.onkopti.de, www.onkopti.com, www.oncopti.com). It is continuously updated to include new therapeutic developments or changes to standard therapy. The protocols are stored in a relational database and can be exported to various application systems via a standardized XML format or other formats. The website and protocols are available in both German and English. As of January, 2025, there are over 2,700 protocols for parenteral and oral therapies for all oncological specialties.Key MessagesThe digitalization of protocol selection, prescription, pharmacy preparation, hospital or practice information system documentation, billing, and prescription creation can accelerate, standardize, and streamline these processes. This optimization can significantly reduce personnel costs, resulting in cost savings, and improved quality.",16,0,3,3,33
PMC12454513,39602041,AI-based Modeling & Design,"In silico screening of phytochemicals against chromatin modifier, SETD7 for remodeling of the immunosuppressive tumor microenvironment in renal cancer",Molecular Diversity,2024,10.1007/s11030-024-11038-w,research,research-article,"The tumor microenvironment and immune evasion function in a complex cellular network profoundly challenge the clinical outcome of promising therapies. Our recently published study reported that the subset of genes upregulated in ccRCC due to H3K4me1 and DNA demethylation potentially leads to an immunosuppressive environment. Thus, modulating H3K4me1 chromatin modifier SETD7 with a natural inhibitor in combination with immunotherapy might improve the immune landscape for a better therapeutic outcome. The present study was conducted via virtual screening and MD simulation using compounds from the literature, IMPPAT, and SuperNatural database. The phytochemical IMPHY002979 showed better binding affinity and lower energy than the reported R-PFI-2 and cyproheptadine inhibitors. The phytochemicals interact with the SET domain through H-bonding, as confirmed by MD simulation and molecular interaction analysis. Further, the compound was assessed using ADME parameters and free energy estimation, showing better pharmacokinetic properties. Therefore, the non-accessibility of the histone methyltransferase activity domain of SET7 with IMPHY002979 can downregulate H3K4me1 and, thereby, the expression of genes potentially responsible for immunosuppressive TME. Thus, patient stratification based on molecular markers for immunotherapy and combining epigenetic modulators with therapeutic drugs will improve the efficacy of immunotherapy in ccRCC.Supplementary InformationThe online version contains supplementary material available at 10.1007/s11030-024-11038-w.",14,0,6,1,43
PMC12257046,40662150,AI-based Modeling & Design,Transcriptomics Insights into Targeting CK2 Complex in Cryptococcus neoformans: Implications for Large-Scale Antifungal Virtual Screening,Current Medical Mycology,2024,10.22034/cmm.2024.345250.1548,research,research-article,"Background and purpose: Cryptococcus neoformans is a pathogenic fungus that causes fungal meningitis and other infections in immunocompromised patients. The casein kinase 2 (Ck2) complex regulates cellular processes. This study provides transcriptomics and functional insights into the Ck2 complex and other pathogenic proteins of Cryptococcus neoformans as therapeutic targets.Materials and Methods: The study used computational methods to explore the transcriptomic and functional aspects of the Ck2 complex and other pathogenic proteins in Cryptococcus neoformans. RNA-sequencing analysis of control and experimental cell cultures under three different conditions (cka1Δ mutant vs wild, ckaΔ, ckb1Δ, ckb2Δ [triple] mutants vs wild, and wild vs all mutants) was performed, followed by the STRING analysis of the dysregulated genes to identify the protein-protein interactions, while Cytoscape was used to identify the hub genes in all three conditions.Results: The RNA-sequencing analysis resulted in various dysregulated genes such as 936 (cka1Δ mutant vs wild), 1154 (triple vs wild), and 1159 (wild vs all mutants). Cellular components, molecular functions, and KEGG pathways in three conditions. The hub genes that elevated the most, Q5KFT2_CRYNJ, ARO1_CRYNJ, Q5KL19_CRYNJ, Q5KC42_CRYNJ, Q5KNI6_CRYNJ, Q5KCS1_CRYNJ, Q5KNH2_CRYNJ, Q5KA46_CRYNJ, Q5KEV1_CRYNJ, Q5KFT0_CRYNJ, Q5KAB9_CRYNJ, Q5KN73_CRYNJ, Q5KLJ6_CRYNJ, and Q5KHQ2_CRYNJ, were selected for FDA-approved drugs screening using GNINA, resulting in three potential drugs (amphotericin B, idarubicin, and candicidin) for respective proteins.Conclusions: The Ck2 complex in C. neoformans regulates cellular processes, including proliferation and apoptosis. Disruption of this complex affects cellular functions. This study identifies deletion mutations and pathogenic proteins, revealing top-performing drugs. Further clinical investigations are needed to confirm these findings.",16,0,2,0,41
PMC12272067,40420790,AI-based Modeling & Design,"Synthesis of Novel Derivatives of 4,6-Diarylpyrimidines and Dihydro-Pyrimidin-4-one and In Silico Screening of Their Anticancer Activity",Current Organic Synthesis,2024,10.2174/0115701794356958241024082646,research,research-article,"Derivatives of pyrimidinone, dihydropyrimidinone, and 2,4-diaryl-substituted pyrimidines were synthesized by cyclocondensation of α-aminoamidines with various saturated carbonyl derivatives and their analogs. The therapeutic potential of the newly synthesized derivatives for cancer treatment was evaluated using molecular docking calculations. The molecular docking results indicate that some of the synthesized diaryl derivatives of pyrimidine exhibit high binding affinity towards PIK3γ.Aims and Objectives4,6-Diaryl-substituted pyrimidines have shown high inhibitory potency against phosphoinositide 3-kinases (PI3Ks), which are important targets in oncology. Inhibition of PI3Ks could potentially be a viable therapy for human cancers.Materials and MethodsThe synthesis of pyrimidinone and dihydropyrimidinone derivatives as well as a series of 2,4-diaryl-substituted pyrimidines were described. These compounds were synthesized by cyclocondensation of α-aminoamidines with various saturated carbonyl derivatives and their analogs.ResultsDerivatives of pyrimidinone, dihydropyrimidinone, and 2,4-diaryl-substituted pyrimidines were synthesized by combining α-aminoamidines with various saturated carbonyl derivatives and their analogs. By adjusting the large substituents in the 2-position, we gained the ability to modify the therapeutic properties of the resulting compounds. The potential of the newly synthesized derivatives for cancer treatment was assessed using molecular docking calculations. The results of the docking calculations suggest that some of the synthesized diaryl derivatives of pyrimidine have a strong binding affinity towards PIK3γ, making them promising candidates for the development of new anticancer medications.ConclusionWe synthesized some pyrimidinones, dihydropyrimidinones, and 2,4-diaryl-substituted pyrimidines by combining α-aminoamidines with various saturated carbonyl derivatives and similar compounds. Molecular docking results suggest that certain diaryl derivatives of pyrimidine have a strong binding affinity for PIK3γ. Moreover, diphenyl derivatives of pyrimidine exhibited dual inhibitory activity against PI3K and tubulin, showing promise for the development of next-generation microtubule-targeting agents for use in combination therapies.",10,0,6,3,45
PMC12245994,39715975,AI-based Modeling & Design,"Identification of STAT3 phosphorylation inhibitors using generative deep learning, virtual screening, molecular dynamics simulations, and biological evaluation for non-small cell lung cancer therapy",Molecular Diversity,2024,10.1007/s11030-024-11067-5,research,research-article,"The development of phosphorylation-suppressing inhibitors targeting Signal Transducer and Activator of Transcription 3 (STAT3) represents a promising therapeutic strategy for non-small cell lung cancer (NSCLC). In this study, a generative model was developed using transfer learning and virtual screening, leveraging a comprehensive dataset of STAT3 inhibitors to explore the chemical space for novel candidates. This approach yielded a chemically diverse library of compounds, which were prioritized through molecular docking and molecular dynamics (MD) simulations. Among the identified candidates, the HG110 molecule demonstrated potent suppression of STAT3 phosphorylation at Tyr705 and inhibited its nuclear translocation in IL6-stimulated H441 cells. Rigorous MD simulations further confirmed the stability and interaction profiles of top candidates within the STAT3 binding site. Notably, HG106 and HG110 exhibited superior binding affinities and stable conformations, with favorable interactions involving key residues in the STAT3 binding pocket, outperforming known inhibitors. These findings underscore the potential of generative deep learning to expedite the discovery of selective STAT3 inhibitors, providing a compelling pathway for advancing NSCLC therapies.Supplementary InformationThe online version contains supplementary material available at 10.1007/s11030-024-11067-5.",46,0,6,0,54
PMC12212627,38437501,AI-based Modeling & Design,Machine Learning-Based Virtual Screening of Antibacterial Agents against Methicillin-Susceptible and Resistant Staphylococcus aureus,Journal of Chemical Information and Modeling,2024,10.1021/acs.jcim.4c00087,research,research-article,"The application of computer-aided drug discovery (CADD) approaches has enabled the discovery of new antimicrobial therapeutic agents in the past. The high prevalence of methicillin-resistantStaphylococcus aureus­(MRSA) strains promoted this pathogen to a high-priority pathogen for drug development. In this sense, modern CADD techniques can be valuable tools for the search for new antimicrobial agents. We employed a combination of a series of machine learning (ML) techniques to select and evaluate potential compounds with antibacterial activity against methicillin-susceptible S. aureus (MSSA) and MRSA strains. In the present study, we describe the antibacterial activity of six compounds against MSSA and MRSA reference (American Type Culture Collection (ATCC)) strains as well as two clinical strains of MRSA. These compounds showed minimal inhibitory concentrations (MIC) in the range from 12.5 to 200 μM against the different bacterial strains evaluated. Our results constitute relevant proven ML-workflow models to distinctively screen for novel MRSA antibiotics.",19,6,4,4,68
PMC11733953,39740163,AI-based Modeling & Design,Identification of a Potent CDK8 Inhibitor Using Structure-Based Virtual Screening,Journal of Chemical Information and Modeling,2024,10.1021/acs.jcim.4c02011,research,research-article,"Pulmonary fibrosis is excessive scarring of the lung tissues. Transforming growth factor-beta (TGF-β) has been implicated in pulmonary fibrosis due to its ability to induce the epithelial-to-mesenchymal transition (EMT) and promote epithelial cell migration. Cyclin-dependent kinase 8 (CDK8) can mediate the TGF-β signaling pathways and could function as an alternative therapeutic target for treating pulmonary fibrosis. Here, we performed a structure-based virtual screening campaign to identify CDK8 inhibitors from a library of 1.6 million compounds. The screening process ended with the identification of a novel CDK8 inhibitor, P162-0948 (IC50: 50.4 nM). An interaction analysis highlighted important CDK8–ligand interactions that support its binding and inhibitory activity. Testing against a panel of 60 different kinases demonstrated P162-0948 selectivity toward CDK8. Crucially, the inhibitor was found to be structurally novel when compared to known CDK8 inhibitors. Testing in A549 human alveolar epithelial cell lines showed that the P162-0948 can reduce cell migration and protein expression of EMT-related proteins. When P162-0948 was treated in cells at 5 μM, phosphorylation of Smad in the nucleus was reduced, which suggests disruption of the TGF-β/Smad signaling pathway. The identification of P162-0948 shows that it is not only potent, but its structural novelty can inform future design studies for potential therapeutics targeting pulmonary fibrosis.",23,0,8,1,49
PMC11755013,39850657,AI-based Modeling & Design,EquiRank: Improved protein-protein interface quality estimation using protein language-model-informed equivariant graph neural networks,Computational and Structural Biotechnology Journal,2025,10.1016/j.csbj.2024.12.015,research,research-article,"Quality estimation of the predicted interaction interface of protein complex structural models is not only important for complex model evaluation and selection but also useful for protein-protein docking. Despite recent progress fueled by symmetry-aware deep learning architectures and pretrained protein language models (pLMs), existing methods for estimating protein complex quality have yet to fully exploit the collective potentials of these advances for accurate estimation of protein-protein interface. Here we present EquiRank, an improved protein-protein interface quality estimation method by leveraging the strength of a symmetry-aware E(3) equivariant deep graph neural network (EGNN) and integrating pLM embeddings from the pretrained ESM-2 model. Our method estimates the quality of the protein-protein interface through an effective graph-based representation of interacting residue pairs, incorporating a diverse set of features, including ESM-2 embeddings, and then by learning the representation using symmetry-aware EGNNs. Our experimental results demonstrate improved ranking performance on diverse datasets over existing latest protein complex quality estimation methods including the top-performing CASP15 protein complex quality estimation method VoroIF_GNN and the self-assessment module of AlphaFold-Multimer repurposed for protein complex scoring and across different performance evaluation metrics. Additionally, our ablation studies demonstrate the contributions of both pLMs and the equivariant nature of EGNN for improved protein-protein interface quality estimation performance. EquiRank is freely available at https://github.com/mhshuvo1/EquiRank.",17,210,7,2,63
PMC11730078,39811675,AI-based Modeling & Design,Virtual screening and evaluation of bioactive peptides from Haliotis discus hannai as potential HMGCR inhibitors for hyperlipidemia treatment,Frontiers in Nutrition,2024,10.3389/fnut.2024.1525768,research,research-article,"IntroductionHyperlipidemia remains a major disease threatening global public health. The morbidity and mortality associated with cardiovascular diseases have been increasing. The inhibition of 3-Hydroxy-3-methylglutaryl-coenzyme A reductase (HMGCR), a key enzyme in the cholesterol synthesis pathway, can effectively reduce cholesterol levels.Methods and resultsIn this study, the most suitable protease for preparing HMGCR inhibitory peptides was screened using the evaluation indexes of peptide yield and HMGCR inhibition rate. Peptide sequences with molecular weights <1 kDa were identified, and peptide fragments were docked with HMGCR for virtual screening. The inhibitory effects of these peptides on HMGCR activity were evaluated in vitro using a high-fat Hep-G2 cell model. The screened peptides possessed significant HMGCR inhibitory activity and reduced cholesterol micelle solubility and total cholesterol and triglyceride levels in hyperlipidemic Hep-G2 cells.ConclusionThis study provides novel insights into developing natural drugs for hyperlipidemia; moreover, the results will facilitate the functional application of marine bioactive peptides.",26,4,7,3,39
PMC11722135,39795157,AI-based Modeling & Design,Structure- and Ligand-Based Virtual Screening for Identification of Novel TRPV4 Antagonists,Molecules,2024,10.3390/molecules30010100,research,research-article,"Transient receptor potential vanilloid (TRPV) 4 is involved in signaling pathways specifically mediating pain and inflammation, making it a promising target for the treatment of various painful and inflammatory conditions. However, only one drug candidate targeting TRPV4 has entered the clinical trials. To identify potential TRPV4 inhibitors for drug development, we screened a library of ion channel-modulating compounds using both structure- and ligand-based virtual screening approaches. Since a high-resolution experimental structure of the human TRPV4 (hTRPV4) was not available during this study, we used a comparative model of hTRPV4 for the structure-based screening by molecular docking. The ligand-based virtual screening was performed using the pharmacophoric features of two known TRPV4 antagonists. Five potential hits were selected based on either the binding stability or the pharmacophore match, and their effect on hTRPV4 was tested using a FLIPRtetra assay. All tested compounds inhibited hTRPV4 at 30 µM, with compound Z1213735368 showing an IC50 of 8 µM at a concentration of 10 µM. Furthermore, natural stilbenoids, known to modulate other TRP channels, were evaluated for their hTRPV4 binding and inhibitory potential. The findings provide insight into the structural determinants of hTRPV4 modulation and may facilitate further efforts in developing therapeutic hTRPV4 ligands.",23,0,5,2,71
PMC11720423,39796080,AI-based Modeling & Design,Development of Drug-Induced Gene Expression Ranking Analysis (DIGERA) and Its Application to Virtual Screening for Poly (ADP-Ribose) Polymerase 1 Inhibitor,International Journal of Molecular Sciences,2024,10.3390/ijms26010224,research,research-article,"Understanding drug-target interactions is crucial for identifying novel lead compounds, enhancing efficacy, and reducing toxicity. Phenotype-based approaches, like analyzing drug-induced gene expression changes, have shown effectiveness in drug discovery and precision medicine. However, experimentally determining gene expression for all relevant chemicals is impractical, limiting large-scale gene expression-based screening. In this study, we developed DIGERA (Drug-Induced Gene Expression Ranking Analysis), a Lasso-based ensemble framework utilizing LINCS L1000 data to predict drug-induced gene expression rankings. We created novel numerical features for chemicals, cell lines, and experimental conditions, allowing the prediction of gene expression rankings across eight key cell lines. DIGERA outperformed baseline models in the F1@K metric, demonstrating improved precision in gene expression ranking. We also combined DIGERA with an iterative fine-tuning process for de novo design, suggesting 10 PARP1 inhibitors with favorable predicted properties like binding affinity, synthetic accessibility, solubility, membrane permeability, drug-likeness, and similar gene expression ranking to olaparib. Notably, nine compounds were novel, and six analogs of these compounds had references linked to PARP1 inhibition. These results underscore DIGERA’s potential to boost model performance and robustness through novel features and ensemble learning, aiding virtual screening for new PARP1 inhibitors.",16,2,4,4,69
PMC11684895,39737570,AI-based Modeling & Design,"Machine learning–enabled virtual screening indicates the anti-tuberculosis activity of aldoxorubicin and quarfloxin with verification by molecular docking, molecular dynamics simulations, and biological evaluations",Briefings in Bioinformatics,2025,10.1093/bib/bbae696,research,research-article,"AbstractDrug resistance in Mycobacterium tuberculosis (Mtb) is a significant challenge in the control and treatment of tuberculosis, making efforts to combat the spread of this global health burden more difficult. To accelerate anti-tuberculosis drug discovery, repurposing clinically approved or investigational drugs for the treatment of tuberculosis by computational methods has become an attractive strategy. In this study, we developed a virtual screening workflow that combines multiple machine learning and deep learning models, and 11 576 compounds extracted from the DrugBank database were screened against Mtb. Our screening method produced satisfactory predictions on three data-splitting settings, with the top predicted bioactive compounds all known antibacterial or anti-TB drugs. To further identify and evaluate drugs with repurposing potential in TB therapy, 15 screened potential compounds were selected for subsequent computational and experimental evaluations, out of which aldoxorubicin and quarfloxin showed potent inhibition of Mtb strain H37Rv, with minimal inhibitory concentrations of 4.16 and 20.67 μM/mL, respectively. More inspiringly, these two compounds also showed antibacterial activity against multidrug-resistant TB isolates and exhibited strong antimicrobial activity against Mtb. Furthermore, molecular docking, molecular dynamics simulation, and the surface plasmon resonance experiments validated the direct binding of the two compounds to Mtb DNA gyrase. In summary, our effective comprehensive virtual screening workflow successfully repurposed two novel drugs (aldoxorubicin and quarfloxin) as promising anti-Mtb candidates. The verification results provide useful information for the further development and clinical verification of anti-TB drugs.",25,26,10,7,60
PMC11743120,40074429,AI-based Modeling & Design,High-throughput screening of natural antiviral drug candidates against white spot syndrome virus targeting VP28 in Penaeus monodon: Computational drug design approaches,Journal of Genetic Engineering & Biotechnology,2025,10.1016/j.jgeb.2024.100455,research,research-article,Graphical abstract,27,0,9,4,69
PMC11720127,39796007,AI-based Modeling & Design,Disrupting SARS-CoV-2 Spike Protein Activity: A Virtual Screening and Binding Assay Study,International Journal of Molecular Sciences,2024,10.3390/ijms26010151,research,research-article,"Severe Acute Respiratory Syndrome Coronavirus 2 (SARS-CoV-2) is a respiratory virus that emerged in late 2019 and rapidly spread worldwide, causing the COVID-19 pandemic. The spike glycoprotein (S protein) plays a crucial role in viral target recognition and entry by interacting with angiotensin, converting enzyme 2 (ACE2), the functional receptor for the virus, via its receptor binding domain (RBD). The RBD availability for this interaction can be influenced by external factors, such as fatty acids. Linoleic acid (LA), a free fatty acid, has been shown to bind the S protein, modulating the viral infection by reducing initial target recognition. LA interacts with the fatty acid binding pocket (FABP), a potential drug target against SARS-CoV-2. In this study, we aimed to exploit the FABP as a drug target by performing a docking-based virtual screening with a library of commercially available, drug-like compounds. The virtual hits identified were then assessed in in vitro assays for the inhibition of the virus–host interaction and cytotoxicity. Binding assays targeting the spike–ACE2 interaction identified multiple compounds with inhibitory activity and low cytotoxicity.",13,0,9,0,31
PMC11685841,39744090,AI-based Modeling & Design,Optimizing enzyme thermostability by combining multiple mutations using protein language model,mLife,2024,10.1002/mlf2.12151,research,research-article,"AbstractOptimizing enzyme thermostability is essential for advancements in protein science and industrial applications. Currently, (semi‐)rational design and random mutagenesis methods can accurately identify single‐point mutations that enhance enzyme thermostability. However, complex epistatic interactions often arise when multiple mutation sites are combined, leading to the complete inactivation of combinatorial mutants. As a result, constructing an optimized enzyme often requires repeated rounds of design to incrementally incorporate single mutation sites, which is highly time‐consuming. In this study, we developed an AI‐aided strategy for enzyme thermostability engineering that efficiently facilitates the recombination of beneficial single‐point mutations. We utilized thermostability data from creatinase, including 18 single‐point mutants, 22 double‐point mutants, 21 triple‐point mutants, and 12 quadruple‐point mutants. Using these data as inputs, we used a temperature‐guided protein language model, Pro‐PRIME, to learn epistatic features and design combinatorial mutants. After two rounds of design, we obtained 50 combinatorial mutants with superior thermostability, achieving a success rate of 100%. The best mutant, 13M4, contained 13 mutation sites and maintained nearly full catalytic activity compared to the wild‐type. It showed a 10.19°C increase in the melting temperature and an ~655‐fold increase in the half‐life at 58°C. Additionally, the model successfully captured epistasis in high‐order combinatorial mutants, including sign epistasis (K351E) and synergistic epistasis (D17V/I149V). We elucidated the mechanism of long‐range epistasis in detail using a dynamics cross‐correlation matrix method. Our work provides an efficient framework for designing enzyme thermostability and studying high‐order epistatic effects in protein‐directed evolution.",21,0,6,1,65
PMC11662536,39707350,AI-based Modeling & Design,"Targeting SARS-CoV-2 main protease: a comprehensive approach using advanced virtual screening, molecular dynamics, and in vitro validation",Virology Journal,2024,10.1186/s12985-024-02607-4,research,research-article,"The COVID-19 pandemic, driven by the SARS-CoV-2 virus, necessitates the development of effective therapeutics. The main protease of the virus, Mpro, is a key target due to its crucial role in viral replication. Our study presents a novel approach combining ligand-based pharmacophore modeling with structure-based advanced virtual screening to identify potential inhibitors of Mpro. We screened around 200 million compounds using this integrated methodology, resulting in a shortlist of promising compounds. These were further scrutinized through molecular dynamics simulations, revealing their interaction dynamics with Mpro. Subsequent in vitro assays using the Mpro enzyme identified two compounds exhibiting significant micromolar inhibitory activity. These findings provide valuable scaffolds for the development of advanced therapeutics targeting Mpro. The comprehensive nature of our approach, spanning computational predictions to experimental validations, offers a robust pathway for rapid and efficient identification of potential drug candidates against COVID-19.Supplementary InformationThe online version contains supplementary material available at 10.1186/s12985-024-02607-4.",32,0,4,2,56
PMC11733934,39696768,AI-based Modeling & Design,DiffInt: A Diffusion Model for Structure-Based Drug Design with Explicit Hydrogen Bond Interaction Guidance,Journal of Chemical Information and Modeling,2024,10.1021/acs.jcim.4c01385,research,research-article,"The design of drug molecules is a critical stage in the drug discovery process. The structure-based drug design has long played an important role in efficient development. Significant progress has been made in recent years in the generation of 3D molecules via deep generation models. However, while many existing models have succeeded in incorporating structural information on target proteins, they have not been able to address important interactions between protein and drug molecules, especially hydrogen bonds. In this study, we propose DiffInt as a novel structure-based approach that explicitly addresses interactions. The model naturally incorporates hydrogen bonds between protein and ligand molecules by treating them as pseudoparticles. The experimental results show that DiffInt reproduces hydrogen bonds, and the hydrogen binding energies significantly outperform those of existing models. To facilitate the use of our tool for generating new drug molecules based on any protein's three-dimensional structure, we have made the source code and trained model available on GitHub (https://github.com/sekijima-lab/DiffInt) under the MIT license, with the execution environment provided on Google Colab.",18,36,8,2,83
PMC11726667,39700339,AI-based Modeling & Design,Identification of Novel Human 15-Lipoxygenase-2 (h15-LOX-2) Inhibitors Using a Virtual Screening Approach,Journal of Medicinal Chemistry,2024,10.1021/acs.jmedchem.4c01884,research,research-article,"The human 15-lipoxygenase-2 (h15-LOX-2) catalyzes mainly the regio- and stereospecific oxygenation of arachidonate to its corresponding hydroperoxide (15(S)-HpETE). h15-LOX-2 is implicated in the biosynthesis of inflammatory lipid mediators and plays a role in the development of atherosclerotic plaques, but it is still underexploited as a drug target. Here, to search for novel h15-LOX-2 inhibitors, we used a virtual screening (VS) approach consisting of shape-based matching, two-dimensional (2D) structural “dissimilarity”, docking, and visual inspection filters, which were applied to a “curated” ZINC database (∼8 × 106 compounds). The VS was experimentally validated, and six micromolar-range inhibitors were identified among 13 tested compounds (46.2%). The Ki values could be determined for two inhibitors, compounds 10 (Ki = 16.4 ± 8.1 μM) and 13 (Ki = 15.1 ± 7.6 μM), which showed a mixed-type mechanism of inhibition. Overall, the identified inhibitors fulfill drug-like criteria and are structurally novel compared with known h15-LOX-2 inhibitors.",18,0,8,1,106
PMC11657568,39696643,AI-based Modeling & Design,"Docking‑based virtual screening of BRD4 (BD1) inhibitors: assessment of docking methods, scoring functions and in silico molecular properties",BMC Chemistry,2024,10.1186/s13065-024-01362-5,research,research-article,"To enhance the accuracy of virtual screening for bromodomain-containing protein 4 (BRD4) inhibitors, two docking protocols and seven scoring functions were compared. A total of 73 crystal structures of BRD4 (BD1) complexes were selected for analysis. Firstly, docking was carried out using both the LibDock and CDOCKER methods. The CDOCKER protocol was shown to be more effective based on the root mean square deviation (RMSD) values (in Å) between the docking positions and the co-crystal structures, achieving a docking accuracy rate of 86.3%. Then, among the various scoring functions (LigScore1, LigScore2, PLP1, PLP2, PMF, PMF04 and Ludi3), PMF showed the highest correlation with inhibition constants (r2 = 0.614), while Ludi3 scored lowest (r2 = 0.266). Finally, using ligand descriptors from PubChem, a strong correlation (r2 > 0.5) with inhibition constants for heavy atom count was found. Based on these comprehensive evaluations, the PMF scoring function emerged as the best tool for docking-based virtual screening of potential BRD4 (BD1) inhibitors. And the correlation between molecular properties and BRD4 (BD1) ligands also provided information for future design strategies.Supplementary InformationThe online version contains supplementary material available at 10.1186/s13065-024-01362-5.",16,0,7,3,49
PMC11679513,39771585,AI-based Modeling & Design,"Discovery of Non-Peptide GLP-1 Positive Allosteric Modulators from Natural Products: Virtual Screening, Molecular Dynamics, ADMET Profiling, Repurposing, and Chemical Scaffolds Identification",Pharmaceutics,2024,10.3390/pharmaceutics16121607,research,research-article,"Background/Objectives: Glucagon-like peptide-1 (GLP-1) receptor is currently one of the most explored targets exploited for the management of diabetes and obesity, with many aspects of its mechanisms behind cardiovascular protection yet to be fully elucidated. Research dedicated towards the development of oral GLP-1 therapy and non-peptide ligands with broader clinical applications is crucial towards unveiling the full therapeutic capacity of this potent class of medicines. Methods: This study describes the virtual screening of a natural product database consisting of 695,133 compounds for positive GLP-1 allosteric modulation. The database, obtained from the Coconut website, was filtered according to a set of physicochemical descriptors, then was shape screened against the crystal ligand conformation. This filtered database consisting of 26,325 compounds was used for virtual screening against the GLP-1 allosteric site. Results: The results identified ten best hits with the XP score ranging from −9.6 to −7.6 and MM-GBSA scores ranging from −50.8 to −32.4 and another 58 hits from docked pose filter and a second round of XP docking and MM-GBSA calculation followed by molecular dynamics. The analysis of results identified hits from various natural products (NPs) classes, to whom attributed antidiabetic and anti-obesity effects have been previously reported. The results also pointed to β-lactam antibiotics that may be evaluated in drug repurposing studies for off-target effects. The calculated ADMET properties for those hits revealed suitable profiles for further development in terms of bioavailability and toxicity. Conclusions: The current study identified several NPs as potential GLP-1 positive allosteric modulators and revealed common structural scaffolds including peptidomimetics, lactams, coumarins, and sulfonamides with peptidomimetics being the most prominent especially in indole and coumarin cores.",23,0,12,5,69
PMC11651584,39689077,AI-based Modeling & Design,Structure-based virtual screening of Trachyspermum ammi metabolites targeting acetylcholinesterase for Alzheimer’s disease treatment,PLOS ONE,2024,10.1371/journal.pone.0311401,research,research-article,"In recent decades, Alzheimer’s disease (AD) has garnered significant attention due to its rapid global prevalence. The cholinergic hypothesis posits that the degradation of acetylcholine by acetylcholinesterase (AChE) contributes to AD development. Despite existing anti-AChE drugs, their adverse side effects necessitate new agents. This study analyzed 150 bioactive phytochemicals from Trachyspermum ammi using structure-based drug design and various in-silico tools to identify potent anti-AChE compounds. Compounds were screened for drug-likeness (QEDw ≥50%) and bioavailability (≥55%) and underwent toxicity profiling via the ProTox-II server. Selected compounds were prepared for molecular docking with the human AChE protein as the receptor. Viridifloral, 2-Methyl-3-glucosyloxy-5-isopropyl phenol, Alpha-Curcumene, and Sterol emerged as top candidates with high AChE affinity. These results were validated by molecular dynamics simulations, confirming stable interactions. The hit compounds were further evaluated for drug-likeness using Lipinski’s rule and ADMET properties, confirming favorable pharmacokinetic profiles. DFT optimization analyzed frontier molecular orbitals and electrostatic potential, demonstrating favorable chemical reactivity and stability. This study suggests that these identified compounds could be novel nature-derived AChE inhibitors, potentially contributing to AD treatment. However, further in-vitro and in-vivo studies are necessary to confirm their efficacy in biological systems. Future research will focus on developing these compounds into safe and effective drugs to combat Alzheimer’s disease.",27,6,8,5,86
