normalized_entity,entity_type,umls_cui
previtamin D(3),other,C0071965
cholecalciferol,drug,C0008318
cyclodextrins,other,C0010558
Quantum Mechanics,other,C1514629
Molecular Dynamics,other,C0596957
Science of Statistics,other,C0038215
Pred3,custom,N/A
cis trans isomerization,other,C0596342
Triene Moiety,custom,N/A
Catalysis,other,C0007382
Biochemical,other,C0205474
cholesterol,protein,C0008377
calcium,drug,C0006675
Rickets,disease,C0035579
Osteoporosis,disease,C0029456
Autoimmune Diseases,disease,C0004364
Mental Depression,other,C0011570
7-dehydrocholesterol,other,C0049865
Secosteroids,other,C0036532
Induce (action),other,C0205263
prednisone,drug,C0032952
dimer,other,C0596448
With configuration,other,C0449830
Biochemical Pathway,other,C1704259
Vitd,custom,N/A
Thermal Sigmatropic Reaction,custom,N/A
Torsional Movement,custom,N/A
Pliability,other,C0242808
trientine,drug,C0040976
Mpwb1K/6-31+G,custom,N/A
−C−C,custom,N/A
+C+C,custom,N/A
2 Days,other,C1442455
BARRIER,other,C1706912
1.58 Kcal/Mol,custom,N/A
1.67 Kcal/Mol,custom,N/A
Ohio,other,C0028905
hexane,other,C0068008
water,drug,C0043047
Holick,custom,N/A
Rate Constant,other,C2986811
Function (attribute),other,C0542341
Encapsulated System,custom,N/A
Free System,custom,N/A
Reaction,other,C0443286
Molecular Conformation,other,C0026377
Hypothetical Intermediate Reactions,custom,N/A
Triene Conformers,custom,N/A
Vitamin D Isomerization,custom,N/A
Enhance (action),other,C2349975
Entropic Phenomenon,custom,N/A
Conformational Restraint,custom,N/A
Meana-Pañeda,custom,N/A
Fernández-Ramos,custom,N/A
Factor,other,C1521761
DNAJA2 gene,gene_or_genome,C1423023
Dnak,custom,N/A
Protein Domain,other,C1514562
Co-Translational Protein Modification,other,C1449568
Bacteria,other,C0004611
Quality,other,C0332306
biological,other,C0205460
Geographic state,other,C1301808
Post-Translational Regulation,other,C1514251
Protein Misfolding Disorders,disease,C2718001
Pharmacologic Substance,drug,C1254351
Catabolism,other,C0699900
"RNA, Messenger",protein,C0035696
Polypeptides,chemical,C1305923
protein folding,other,C0162847
Proteostasis,other,C4505258
Energy Landscape Theory,custom,N/A
globular protein,chemical,C0178663
Multidimensional,other,C2347299
Amino Acids,chemical,C0002520
Native (qualifier value),other,C0302891
Species,other,C1705920
multicatalytic endopeptidase complex,chemical,C0208355
Lysosomes,other,C0024369
Computer simulation,other,C0009609
supercomputer,other,C0597543
Bias (Epidemiology),other,C0005346
Sampling - Surgical action,other,C0441621
Menkes Kinky Hair Syndrome,disease,C0022716
Creutzfeldt-Jakob disease,disease,C0022336
Fatal,other,C1302234
Gerstmann Syndrome,other,C0017494
Prions,chemical,C0033164
South Carolina,disease,C0037716
Neurodegenerative Disorders,disease,C0524851
Prion Diseases,disease,C0162534
Cryoelectron Microscopy,lab_procedure,C0597705
Stopped‐Flow,custom,N/A
Spectrum Analysis,lab_procedure,C0037812
Serpins,chemical,C0036764
SERPINA1 gene,gene_or_genome,C1418544
Mutation,other,C0026882
Liver diseases,disease,C0023895
Lung diseases,disease,C0024115
"alpha 1-proteinase inhibitor, human",chemical,C0795657
algorithm,other,C0002045
MET Gene Mutation Negative,other,C5205215
S-Mutant,custom,N/A
Z-Mutant,custom,N/A
Electrostatic Attraction,other,C2348396
Glu-Lys,custom,N/A
lysyllysine,other,C0065413
glycosylation,other,C0017982
Phosphorylation,other,C0031715
Acetylation,other,C0001038
Methylation,other,C0025723
Sumoylation,other,C1157990
Ubiquitination,other,C1519751
Glycosylphosphatidylinositols,other,C0061688
Protein Aggregates,chemical,C3850144
Peptides,chemical,C0030956
Kinetics,therapeutic_proc,C0022702
Das Et Al.,custom,N/A
Broglia Et Al.,custom,N/A
Plication,therapeutic_proc,C0185026
Ppi-Fit,custom,N/A
PTMS gene,gene_or_genome,C1419086
Metastable State,custom,N/A
Regulator,other,C1704735
Target,other,C1521840
"Spectroscopy, Nuclear Magnetic Resonance",other,C0877853
Hdx Nmr,custom,N/A
Protein Stability,other,C2350440
Thermodynamics,other,C0039808
solute,other,C0597488
macromolecule,other,C0178735
Osmolytes,custom,N/A
Sugars,drug,C0242209
Denaturant,other,C5447347
Synthetic polymer,other,C0440257
Proteins,chemical,C0033684
Nucleic Acids,protein,C0028606
Small Molecule,other,C1328819
Effect,other,C1280500
Disgust,other,C0683283
physical chemical interaction,other,C0597236
Entropic,custom,N/A
Enthalpic,custom,N/A
Hydrogen Bonds,other,C4759724
Pancreatic ribonuclease,chemical,C0035541
guanidine hydrochloride,drug,C0120447
urea,drug,C0041942
Fluorescence Spectroscopy,lab_procedure,C0242506
Circular Dichroism Spectropolarimetry,custom,N/A
"Calorimetry, Differential Scanning",lab_procedure,C0006780
Magnetic Resonance Imaging,other,C0024485
Mass Spectrometry,lab_procedure,C0037813
Deuterium Exchange Measurement,lab_procedure,C1257754
Gibbs free energy,other,C1637382
HDX gene,gene_or_genome,C1539190
Apical segmental bronchus,other,C0507112
Posterior segmental bronchus,other,C0507114
Van'T Hoff Enthalpies,custom,N/A
Mechanism (attribute),other,C0441712
trimethyloxamine,drug,C0077194
betaine,drug,C0005304
sucrose,drug,C0038636
glucose,drug,C0017725
ethylene glycol,other,C0015083
sorbitol,drug,C0037688
xylitol,drug,C0043369
mannitol,drug,C0024730
chymotrypsin inhibitor 2,chemical,C0297033
Ficoll,other,C0016071
povidone,drug,C0032856
polyethylene glycols,drug,C0032483
dextran,drug,C0086140
Lactalbumin,chemical,C0022912
muramidase,chemical,C0026794
Macromolecular Crowding,custom,N/A
Hydrophobicity,other,C0598629
Bed rest,therapeutic_proc,C0004910
Molecular Weight,other,C0026385
Viscosity,other,C0042784
Hydrophilicity,other,C0475370
Escherichia coli,other,C0014834
"serum albumin, bovine",chemical,C0036774
Gallbladder acupuncture point GB1,other,C0450722
"ECI2 protein, human",chemical,C1309116
19 F Nmr,custom,N/A
Heteronuclear Nmr,custom,N/A
GPX4 gene,gene_or_genome,C1415278
MALT1 gene,gene_or_genome,C1416991
RC3H1 gene,gene_or_genome,C1826784
Mi-2,other,C1440961
sorafenib,drug,C1516119
regorafenib,drug,C2980094
Ferroptosis,other,C4236737
Liver and Intrahepatic Biliary Tract Carcinoma,neoplasm,C0279000
Malignant neoplasm of thyroid,neoplasm,C0007115
Malignant neoplasm of kidney,neoplasm,C0740457
Colorectal Carcinoma,neoplasm,C0009402
altretamine/cisplatin/cyclophosphamide protocol,therapeutic_proc,C0280604
MIR7-3HG gene,gene_or_genome,C1428927
Sk-Hep1,custom,N/A
Plc/Prf/5,custom,N/A
EEFSEC gene,gene_or_genome,C1539330
"FBXW7 protein, human",chemical,C0755295
Screening for cancer,other,C0199230
Proliferation (morphologic abnormality),pathologic_function,C0334094
Psychological inhibition,other,C0021467
molecular function regulator activity,other,C3893721
ubiquitin-protein ligase,chemical,C0077678
Immunoprecipitation,lab_procedure,C0021069
Peptide Hydrolases,chemical,C0030940
ubiquitin-dependent protein catabolic process,other,C1157991
Ex 527,custom,N/A
Ai-,custom,N/A
ferrostatin-1,drug,C3493605
Diffuse Large B-Cell Lymphoma,neoplasm,C0079744
"Muscle, Smooth, Vascular",other,C0026844
Colony Formation Assays,custom,N/A
Safimaltib,custom,N/A
MG 132,chemical,C0246694
Cycloheximide,other,C0010572
Rsl3,custom,N/A
GPX4 inhibitor ML210,drug,C5565458
Proteasome inhibitor,drug,C1443643
Protein Synthesis Inhibitors,drug,C0033671
Hep3B,custom,N/A
Snu449,custom,N/A
Mhcc97H,custom,N/A
lenvatinib,drug,C2986924
inhibitors,other,C0243077
Lipid Peroxides,other,C0023776
Clustered Regularly Interspaced Short Palindromic Repeats,other,C3658200
ZEB1 gene,gene_or_genome,C1420645
OTUD5 gene,gene_or_genome,C1826521
N6F11,custom,N/A
"TRIM25 protein, human",chemical,C1384551
protein K48-linked ubiquitination,other,C2754020
Abc-Dlbcl,custom,N/A
Ribonucleases,chemical,C0035542
Staphylococcus aureus,other,C0038172
Endoribonucleases,chemical,C0014241
H80,custom,N/A
E166,custom,N/A
Ions,other,C0022023
Mutant,other,C0596988
Catalytic Mechanism,custom,N/A
Two-Metal Ion,custom,N/A
One-Metal Ion,custom,N/A
Density Functional Theory,other,C4704758
molecular mechanics,other,C0872220
H76,custom,N/A
H78,custom,N/A
H144,custom,N/A
alanine,chemical,C0001898
Rt-Fedex Assay,custom,N/A
doxorubicin/fluorouracil/mitomycin protocol,therapeutic_proc,C0060056
Tamil language,other,C0039285
Fluorescence,other,C0016315
520 Nm,custom,N/A
H78A,custom,N/A
H144A,custom,N/A
His76,custom,N/A
His78,custom,N/A
His80,custom,N/A
Lewis Acids,other,C0302917
Lewis Bases,other,C0682915
H80A,custom,N/A
manganese,protein,C0024706
electron density,other,C0596488
Crystal Structure,other,C0444626
Ensembl,other,C1707922
cryogenics,other,C0598250
Genus staphylococcus,other,C0038170
bond dissociation energy,other,C0678600
chemical cofactor,protein,C0178555
Stable status,other,C0205360
"Female-to-Male Transsexual, Self-Report",other,C1705488
Rnase J2 H80A,custom,N/A
Rnase J2 H78A,custom,N/A
beta-Lactamase,chemical,C0597979
Β-Casp,custom,N/A
Metals,other,C0025552
Image Reorientation,other,C2986762
Occupancy,other,C2827063
thermostability,other,C0597571
Calculation,other,C1441506
W1,custom,N/A
W2,custom,N/A
Phosphates,other,C0031603
Alphafold,custom,N/A
RNA,other,C0035668
Nucleophile,custom,N/A
Mutant Rnase J2,custom,N/A
nuclease,chemical,C0597094
His Residue,custom,N/A
MONOPHENOL MONOOXYGENASE,chemical,C0041484
Penta-Covalent Transition State,custom,N/A
Two-Metal Ion Mechanism,custom,N/A
nuclease activity,other,C1148806
Hydrolytic Reaction,custom,N/A
carboxylate,other,C0178528
Aha Trap,custom,N/A
tryptophan,chemical,C0041249
Dodecameric Rings,custom,N/A
Ligands,other,C0023688
Cryo-Em,custom,N/A
Cooperative Binding,custom,N/A
Thr49,custom,N/A
Thr52,custom,N/A
T49A/T52A,custom,N/A
Gly-Ser Linkers,custom,N/A
Rosette formation,other,C0035863
Alphafold2,custom,N/A
Dtrap,custom,N/A
C12 Cyclic Symmetry,custom,N/A
Biphasic,other,C0205184
Ligand-Free,custom,N/A
Ligand-Saturated,custom,N/A
Circular Dichroism,lab_procedure,C0008813
Neuroleptic Malignant Syndrome,disease,C0027849
Data,other,C1511726
T49A,custom,N/A
T52A,custom,N/A
Mut-Wt,custom,N/A
Wt-Mut,custom,N/A
Mismatch Repair Protein,chemical,C4318450
2D Nmr,custom,N/A
Chemicals,other,C0220806
Wt-Mut Dtrap,custom,N/A
Physical Symmetry,other,C2825575
Map,other,C0024779
Ligand-Free Apo Protein,custom,N/A
Fully Liganded Holo Protein,custom,N/A
physiologic resolution,pathologic_function,C1514893
4.4 Å,custom,N/A
4.1 Å,custom,N/A
BC Original Formula,drug,C3267881
De Loop,custom,N/A
Gly-Ser Linker,custom,N/A
"Terminator Regions, Genetic",protein,C0039554
Gly27,custom,N/A
Asp29,custom,N/A
Apo Dtrap,custom,N/A
Holo Dtrap,custom,N/A
Trap medical device,other,C0184047
cytarabine/daunorubicin/prednisone/thioguanine,therapeutic_proc,C0279512
Netherlands Antilles,other,C0027779
Disease,disease,C0012634
Side Chains,custom,N/A
Genomic Orientation,other,C1704972
Genus Bacillus,other,C0004587
Trp Operon,custom,N/A
tryptophan binding,other,C5451463
Homo-Oligomeric Rings,custom,N/A
Coordinated,other,C0700114
R31,custom,N/A
Retinol Binding Proteins,chemical,C0035342
Disulfide Linkage,other,C1511997
V231C/Y250C,custom,N/A
Hepatic macrophage,other,C0022801
Anti-Fibrotic Activity,custom,N/A
Social Interaction,other,C0037420
Muscle Rigidity,other,C0026837
Fibrous tissue,other,C0225331
Extracellular Matrix,other,C0015350
collagen,chemical,C0009325
Fibronectins,chemical,C0016055
Myofibroblasts,other,C0225360
Hepatic Stellate Cells,other,C2340138
"ACTA2 protein, human",chemical,C2716282
Stimulus,neoplasm,C0234402
Epithelial,other,C0221908
Fibrocyte,other,C0225332
RENBP gene,gene_or_genome,C1419339
Albumin Domain Iiia,custom,N/A
Albumin Domain Ib,custom,N/A
C174,custom,N/A
C70,custom,N/A
RBP4 gene,gene_or_genome,C1419320
P182,custom,N/A
D175,custom,N/A
E181,custom,N/A
G176,custom,N/A
R177,custom,N/A
E180,custom,N/A
Albumins,chemical,C0001924
N227C/V254C,custom,N/A
Expi293,custom,N/A
Western Blotting,lab_procedure,C0005863
Α-Helices 3 And 4,custom,N/A
Fusion protein,chemical,C0162768
Productivity,other,C0033269
Structure,other,C0678594
R31-G176K,custom,N/A
R31-V231C/Y250C,custom,N/A
R31-G176K-V231C/Y250C,custom,N/A
Ni Sepharose,custom,N/A
SDS-PAGE,lab_procedure,C0600209
response to dithiothreitol,other,C3548744
Thermal Shift Assay,custom,N/A
130 Mg/L,custom,N/A
Middle Domain Iiia,custom,N/A
G176K,custom,N/A
Hematopoietic stem cells,other,C0018956
Α-Sma,custom,N/A
collagen type I,chemical,C0041455
House mice,other,C0025914
Real-Time Polymerase Chain Reaction,other,C1709846
Anti-Fibrotic Effects,custom,N/A
Lipid droplet,other,C0230704
Cell Shrinkage,custom,N/A
Stress Fibers,other,C0887904
Therapeutic procedure,therapeutic_proc,C0087111
cellular targeting,other,C0599894
Amino Acid Sequence,other,C0002518
Solubility,other,C0037628
Post-Translational Protein Processing,other,C0033666
Base Sequence,other,C0004793
Computational Modelling,other,C5544479
Iiia,custom,N/A
Bio-Efficacy,custom,N/A
Deep Learning,other,C4704761
Protein Engineering,other,C0033629
"Protein, Organized by Structure",chemical,C0175168
Study models,other,C0026336
Viral screening,therapeutic_proc,C0419997
Benchmarking,other,C0525063
Drug Discovery,other,C0920472
Rational Design,custom,N/A
Mutagenesis Process,other,C0079866
"Protein, Organized by Function",chemical,C0815043
Wild-Type Proteins,custom,N/A
Protein Sequence Databases,other,C0950141
Protein Structure Databases,other,C0950142
1D Cnns,custom,N/A
"Protein Structure, Secondary",other,C0162807
Amino Acid Motifs,other,C0752190
Domains,custom,N/A
multi-layer follicle stage,other,C1326794
Function Annotation,custom,N/A
Neural Network Simulation,other,C0870951
Inductive Bias,custom,N/A
Structure-Aware Graph,custom,N/A
Neural,other,C3714606
3 Days,other,C1442459
Endothelial Cell-Specific Molecule 1,chemical,C3537322
CDKN2A gene,gene_or_genome,C0525037
Transformers,other,C0810640
Bert,custom,N/A
Uniref50,custom,N/A
Previous,other,C0205156
mesna,drug,C0000294
Prediction,other,C0681842
Representation Component,other,C1514861
Homologous Gene,gene_or_genome,C1334043
Sequence Alignment,other,C0080143
Protgpt2,custom,N/A
Progens,drug,C1618332
ZNF331 gene,gene_or_genome,C1423527
Tranception,custom,N/A
Trancepteve,custom,N/A
poet,other,C0684014
GPT2 gene,gene_or_genome,C1512213
Autoregressive Models,custom,N/A
Protein Family,chemical,C1335532
Context,other,C0449255
DNA Sequence,drug,C0162326
Encoder-Decoder Architecture,custom,N/A
Xtrimopglm,custom,N/A
Training Programs,other,C0040607
Multimodal Learning,custom,N/A
Ankh,custom,N/A
Mlm-Based Pre-Training Model,custom,N/A
Prostt5,custom,N/A
Foldseek Embedding,custom,N/A
Msa2Prot,custom,N/A
Labels (device),other,C0181496
Gnns,custom,N/A
Cnns,custom,N/A
convoluted shape,other,C1880179
Euclidean Distance Measurement,other,C1880593
Long-Range Spatial Relationships,custom,N/A
Training Datasets,custom,N/A
Proteinmpnn,custom,N/A
Graphtrans,custom,N/A
Alphadesign,custom,N/A
Giant Cell Arteritis,disease,C0039483
Gearnet,custom,N/A
Graph Convolution Networks,custom,N/A
Graph Attention Networks,custom,N/A
Architecture,other,C0003737
Multi-Head Self-Attention,custom,N/A
Message-Passing Propagation Rules,custom,N/A
Anatomic Node,other,C0746922
Prodconn,custom,N/A
Densecpd,custom,N/A
Dmasif,custom,N/A
Masif,custom,N/A
Inverse-Folding,custom,N/A
Rotamer Angles,custom,N/A
Metabolic Pathway,other,C1291081
Voxel,other,C2700259
Convolutional Layers,custom,N/A
Membrane Proteins,chemical,C0025252
Protbert,custom,N/A
Esm-2,custom,N/A
Prorem,custom,N/A
Prollama,custom,N/A
Holoprot,custom,N/A
Multilayered Extended Release Tablet Dosage Form,other,C1709087
Autoencoders,custom,N/A
Biomedical tape,other,C0183828
Peer,other,C0679739
Proteinglue,custom,N/A
pentaerythrityl triacrylate,other,C0070278
Biomap Leaderboard,custom,N/A
Deep Mutational Scanning,custom,N/A
Proteingym V1,custom,N/A
CFLAR gene,gene_or_genome,C1413357
Fs-Mutant,custom,N/A
Variant Amino Acid,other,C5419057
High-Throughput Techniques,custom,N/A
Mutation Databases,custom,N/A
Assessed,other,C1516048
Substitution - ActClass,other,C1555721
INDEL Mutation,other,C1956002
Metric (substance),drug,C0699680
PDB BLAST,other,C1709393
Protein Families Database,other,C1709740
Interpro,custom,N/A
Malidup,custom,N/A
Mali,other,C0024581
Cath,custom,N/A
Swiss-Model,custom,N/A
Scope,other,C1710028
Blast (physical force),other,C0337026
Hmmer,custom,N/A
"DNA, Complementary",other,C0006556
Targettrack,custom,N/A
Proso Ii,custom,N/A
Deepsol,custom,N/A
Deepsolue,custom,N/A
Reticuloendothelial System,other,C0035287
Within,other,C0332285
R3HCC1L gene,gene_or_genome,C1428115
Deeploc,custom,N/A
Homo sapiens,other,C0086418
Fungi,other,C0016832
Plants,other,C0032098
cellular localization,other,C1660642
Protein Isoforms,chemical,C0597298
regulation of intracellular signal transduction,other,C3158103
Gene Expression Regulation,other,C0017263
Geroderma osteodysplastica,disease,C0432255
Numbers,other,C0237753
Panthers,other,C0325108
Biocyc,custom,N/A
SWISS-PROT,other,C0950143
UniProtKB,other,C1710540
Universal Protein Resource,other,C1710568
Binding action,other,C1145667
Chembl,custom,N/A
Pdbbind,custom,N/A
Klifs,custom,N/A
DrugBank,other,C4255544
Biolip,custom,N/A
Kd,custom,N/A
Ki,custom,N/A
Inhibitory Concentration 50,other,C0600495
Affinity,other,C1510827
Phosphotransferases,chemical,C0031727
String (device),other,C0183652
Biogrid,custom,N/A
Intact,other,C0205266
Hprd,custom,N/A
Saccharomyces cerevisiae,other,C0036025
High-Throughput Screening,lab_procedure,C0872187
Co-Immunoprecipitation,lab_procedure,C1449705
Protein-Protein Interaction,other,C0872079
Computational Technique,other,C1516769
Literature,other,C0023866
Algorithmic Predictions,custom,N/A
Artificial Intelligence,other,C0003916
Developmental Therapeutics Program,other,C1522647
Shap,custom,N/A
Creatinase,chemical,C0056468
Ifosfamide/Methotrexate/Procarbazine protocol,therapeutic_proc,C0071973
Ai-Aided Strategy,custom,N/A
Point Mutation,other,C0162735
Double-Point Mutants,custom,N/A
Triple-Point Mutants,custom,N/A
Quadruple-Point Mutants,custom,N/A
Combinatorial Mutants,custom,N/A
"Epistasis, Genetic",other,C0014589
13M4,custom,N/A
Single-Point Mutants,custom,N/A
epistasis,other,C0743553
Combined,other,C0205195
Strategy,other,C0679199
High-Order Combinatorial Mutants,custom,N/A
G58D,custom,N/A
N130S,custom,N/A
I240K,custom,N/A
K351E,custom,N/A
D17V,custom,N/A
V174I,custom,N/A
T199S,custom,N/A
T251C,custom,N/A
Relative (related person),other,C0080103
Wild Type,gene_or_genome,C1883559
Dsf,custom,N/A
"Spectroscopy, Circular Dichroism",other,C1519445
methionine,chemical,C0025646
Δ H,custom,N/A
Inactivation,other,C0544461
Half-Life,other,C0018517
60°C,custom,N/A
15 Min,custom,N/A
93.5%,custom,N/A
Crystallography,lab_procedure,C0010424
Molecular Dynamics Simulation,other,C2717775
Root Mean Square,other,C2347976
Solvent‐Accessible Surface Area,custom,N/A
Radius Of Gyration,custom,N/A
Biological acidification,other,C1522821
compactin,drug,C0056170
Random,other,C0439605
Enzyme Stability,other,C0014439
I149V,custom,N/A
L6P,custom,N/A
Numerical value,other,C1522609
creatinine,protein,C0010294
Combinatorial Synthesis,other,C1516711
Iterative Saturation Mutagenesis,custom,N/A
Focused Rational Iterative Site-Specific Mutagenesis,custom,N/A
SF3B1 gene,gene_or_genome,C1419980
RNU2-1 gene,gene_or_genome,C1419489
herboxidiene,other,C0653164
Wx-,custom,N/A
RNA Splicing,other,C0035687
Natural Products,protein,C1566558
Spliceosome Assembly Pathway,other,C1158740
Anti-Tumor Properties,custom,N/A
Branchpoint Adenosine,custom,N/A
Ssa-917,custom,N/A
dimethyl sulfoxide,drug,C0012403
HeLa Cells,other,C0018873
Linear Regression Body Surface Area Formula for Infants and Children,other,C2346679
Body Temperature,other,C0005903
denatured protein binding,other,C1622012
With intensity,other,C0522510
Confidence Intervals,other,C0009667
anti-Ro (SSA) measurement,lab_procedure,C0748972
Long Interspersed Nucleotide Element-1,protein,C0600472
Ne-2,custom,N/A
Ne-3,custom,N/A
Ne-4,custom,N/A
Ne-5,custom,N/A
Ne-6,custom,N/A
Thermodenaturation,custom,N/A
pladienolide B,drug,C2001874
Ihb,custom,N/A
Wx-02,custom,N/A
DDX42 gene,gene_or_genome,C1425699
cysteine,chemical,C0010654
In Vitro [Publication Type],other,C0021135
Complex,other,C0439855
PHF5A gene,gene_or_genome,C1425228
Spliceosomes,other,C0162771
DDX5 gene,gene_or_genome,C1413963
DDX46 gene,gene_or_genome,C1425701
Anfinsen’S Thermodynamic Hypothesis,custom,N/A
Molecular Chaperones,chemical,C0243041
Internal,other,C0205102
Binding (Molecular Function),other,C1167622
Maintenance,chemical,C0024501
Proteostasis Deficiencies,disease,C2718000
Alzheimer's Disease,disease,C0002395
Parkinson Disease,disease,C0030567
Amyotrophic Lateral Sclerosis,disease,C0002736
Amyloid Fibrils,chemical,C1449651
Aggregation,other,C0332621
"Protein Structure, Quaternary",other,C0600313
Morpholinos,other,C1881903
Aggregate,other,C0205418
Order (arrangement),other,C1705176
Liquid diet,therapeutic_proc,C0301571
Free of (attribute),other,C0332296
Partially Folded Forms,custom,N/A
Fully Folded Forms,custom,N/A
Lumry–Eyring Model,custom,N/A
equilibrium constant,other,C0678590
soluble,other,C1749467
Fibril - cell component,other,C0225328
Groel/Es,custom,N/A
Heat-Shock Proteins 70,chemical,C0243043
HSP90 Heat-Shock Proteins,chemical,C0243044
Heat shock proteins,chemical,C0018850
ATP-dependent protein binding,other,C1323300
Nootropic Agents,drug,C0242913
HSPD1 gene,gene_or_genome,C1415782
HSPE1 gene,gene_or_genome,C1415790
Anfinsen Cage,custom,N/A
protein self-association,other,C1819957
Protein Unfolding,other,C1655065
Conformational Entropy,custom,N/A
Ribosomes,other,C0035553
Lipid Bilayers,other,C0023768
Quinary Interactions,custom,N/A
Cotranslational Folding,custom,N/A
Cotranslocational Folding,custom,N/A
Aggregation-Prone Proteins,custom,N/A
Nascent Chains,custom,N/A
Cis-Linkage,custom,N/A
Polyribosomes,other,C0032592
Proteome,chemical,C0751973
Macromolecular Tethering,custom,N/A
Maltose-Binding Proteins,chemical,C2936473
Glutathione S-Transferase,chemical,C0017837
Ubiquitin,chemical,C0041538
protein tag,other,C1818826
Spider Silk Protein,custom,N/A
Artificial (qualifier value),other,C2004457
Solubility-Enhancing Tags,custom,N/A
Cis-Tethering,custom,N/A
Mutant Proteins,chemical,C1564139
System,other,C0449913
cellular macromolecule biosynthetic process,other,C2612762
Rosettafold,custom,N/A
amyloid fibril formation,other,C3544412
Molecular,other,C1521991
Hydrophobic Interactions,other,C0678607
Anabolism,other,C0220781
Aggregation-Destabilizing Forces,custom,N/A
Capital Punishment,other,C0006912
Entropic Penalties,custom,N/A
Cu-Zn Superoxide Dismutase,chemical,C0010461
Salt Bridge,custom,N/A
Ramachandran Plot,custom,N/A
"DAXX protein, human",chemical,C0541030
chaperonine-containing T-complex location,other,C1166814
FLVCR2 gene,gene_or_genome,C1426689
Poly-Asp/Glu,custom,N/A
Substrate Device,other,C1710236
Repulsive Forces,custom,N/A
Charged Patches,custom,N/A
Hydrophobic-Rich Peptides,custom,N/A
Misfolded Monomers,custom,N/A
Monomer,other,C0596973
Landscapes,other,C0870781
Platelet aggregation,other,C0032176
control system,other,C0680582
Amyloid,chemical,C0002716
Chaperone-Like Activities,custom,N/A
Allosteric Effect,custom,N/A
Huntington Disease,disease,C0020179
"Ataxia, Spinocerebellar",disease,C0087012
Amyloid beta-Peptides,chemical,C0078939
Amyloid beta-Protein Precursor,chemical,C0085151
APP gene,gene_or_genome,C1364818
Polyglutamine Repeat Expansions,custom,N/A
Aβ,custom,N/A
uridine triacetate,drug,C0281351
Huntingtin Protein,chemical,C4255255
Idps,custom,N/A
Idrs,custom,N/A
Drug Development,other,C0872152
Pharmacophore,other,C0599740
Hypothesis,other,C1512571
Greedy Accumulated Strategy,custom,N/A
Grape Flavor,other,C1365537
Stabilized (qualifier value),other,C0184512
Design,other,C1707689
Epistatic Effects,custom,N/A
carbon-sulfur lyase,chemical,C1096814
Lentinula edodes,other,C0752328
ergothioneine,protein,C0014713
Lecsl2,custom,N/A
Egt1,custom,N/A
Egt2,custom,N/A
His,custom,N/A
S-adenosylmethionine,chemical,C0036002
Her-Sul,custom,N/A
Egt,custom,N/A
Conditional,other,C1701901
lenthionine,other,C1528097
Gamma-glutamyl transferase,chemical,C0017040
alliin lyase activity,other,C1324020
pyridoxal phosphate,drug,C0034266
Component object,drug,C0449432
Lecsl 1,custom,N/A
Lecsl 2,custom,N/A
"N-alpha,N-alpha,N-alpha-trimethyl-L-histidine biosynthetic process",other,C3268405
L. Edodes W1-26,custom,N/A
Liquid Chromatography Mass Spectrometry,lab_procedure,C0872318
Feso4·7H2O,custom,N/A
iron,drug,C0302583
Arg-465,custom,N/A
His-577,custom,N/A
Thr-580,custom,N/A
Asp-506,custom,N/A
Trp-847,custom,N/A
Methyltransferase,chemical,C0025831
L. Edodes,custom,N/A
Long Terminal Repeat,other,C0023978
Helianthus species,other,C0087040
Clade,other,C5555894
Recent Thymic Emigrant,other,C3828361
Transposase,chemical,C0076934
Transmembrane Domain,other,C1519623
Nuclear Localization Signals,other,C0525021
Rna-Silencing Modulation,custom,N/A
Subgroup A Nepoviruses,other,C1079230
Epigenetic Process,other,C1516924
Heat Stress Disorders,other,C0282507
GAG Gene,gene_or_genome,C0017346
pol genes,gene_or_genome,C0017360
RNA-Directed DNA Polymerase,chemical,C0035379
Ribonuclease H,chemical,C0085431
Aspartic Acid Proteases,chemical,C2717969
Bromodomain,other,C1511331
Int,custom,N/A
Comovirus,other,C0206271
Ty3,custom,N/A
Roma ethnic group,other,C0018422
Poliii,custom,N/A
DNA Integration,other,C1158478
Chromatin,chemical,C0008546
Tethering Model,custom,N/A
pyrimidin-2-one beta-ribofuranoside,drug,C0084253
Amanitins,chemical,C0002402
endonuclease,chemical,C0014230
Eccdna,custom,N/A
Mitochondria,other,C0026237
"Chromosomes, Human, Pair 12",other,C0008654
Xrq 2.0,custom,N/A
Ps+,custom,N/A
Ps−,custom,N/A
rolling circle DNA replication,other,C2753337
SPARC gene,gene_or_genome,C1420342
Nanopore Sequencing,other,C5197920
Superfamily,other,C1883220
Elements,other,C0013879
Aleut Language,other,C0574292
Tork,custom,N/A
Athila,custom,N/A
Galadriel,custom,N/A
Tekay,custom,N/A
Galadriel 13-1,custom,N/A
Galadriel 13-2,custom,N/A
Galadriel 13-3,custom,N/A
Tork 8-1,custom,N/A
Tork 8-2,custom,N/A
Tekay 10-1,custom,N/A
Tekay 10-2,custom,N/A
Ale Rte Clade,custom,N/A
Galadriel Rte Clade,custom,N/A
Tork Rte Clade,custom,N/A
Transjugular intrahepatic portosystemic shunt procedure,therapeutic_proc,C0339897
Arm of chromosome,other,C0449721
Centromere-Biased Distribution,custom,N/A
Protein-Coding Genes,custom,N/A
Sunflower Cultivars,custom,N/A
Genetic Polymorphism,therapeutic_proc,C0032529
Chromosomes,other,C0008633
Genotype,other,C0017431
Non-Randomness,custom,N/A
Integrase,chemical,C0063690
Zinc Fingers,other,C0080347
Hhcc Motif,custom,N/A
Drosophila melanogaster,other,C0013139
Chromobox Protein Homolog 5,chemical,C0082874
H. Annuus,custom,N/A
Chromodomains,custom,N/A
Phylogenetic Cluster,custom,N/A
"Ecthyma, Contagious",disease,C0013570
A. Thaliana,custom,N/A
TmHMM Algorithm,other,C1711223
Deeploc 2.1,custom,N/A
Endoplasmic Reticulum,other,C0014239
COILS Program,other,C1705945
Dysgeusia,other,C0013378
Probability,other,C0033204
Chromovirus Clade,custom,N/A
Lineage,other,C1881379
Integrase Chromodomain,custom,N/A
Type Ii Chromodomain,custom,N/A
5′Aorfs,custom,N/A
Clinical act of insertion,other,C0441587
Eukaryotic Dna Transposons,custom,N/A
Prokaryotic Dna Transposons,custom,N/A
Non-Canonical Proteins,custom,N/A
Open Reading Frames,gene_or_genome,C0079941
study of epigenetics,other,C1655731
"ARID1A protein, human",chemical,C0675390
R1020S,custom,N/A
M1022K,custom,N/A
K1047Q,custom,N/A
G1063V,custom,N/A
A1089T,custom,N/A
Malignant Neoplasms,neoplasm,C0006826
chromatin remodeling,other,C1156210
SWI/SNF complex,other,C1167093
The Cancer Genome Atlas,other,C3273927
Investigational,other,C1517586
Denaturation,other,C0301642
Chemical Denaturation,custom,N/A
ARID Domain,other,C1515859
ARID1A wt Allele,gene_or_genome,C2985160
CAPNS2 gene,gene_or_genome,C1539062
Gene Expression,other,C0017262
DNA Replication,other,C0598312
DNA Repair,other,C0012899
Genomic Instability,other,C0919532
Missense Mutation,other,C0599155
Free Energy,therapeutic_proc,C0678591
Wild-Type Protein,custom,N/A
Average,other,C1510992
Estrus,other,C0014948
Potential,other,C3245505
Feeling content,other,C0423896
Operation Activity,other,C3241922
Intrinsic Fluorescence Measurement,custom,N/A
Red Shift,custom,N/A
Blue Shift,custom,N/A
Fluorescence Intensity Unit,other,C5235421
Two-State Unfolding Model,custom,N/A
apparent,other,C0750489
Guhcl,custom,N/A
Wavelength Shift,custom,N/A
Two-State Model,custom,N/A
Equal,other,C0205163
Protein Refolding,other,C1158944
potassium,drug,C0032821
Alpha Missense,custom,N/A
Precision Medicine,therapeutic_proc,C2718059
Pathogenicity Aspects,other,C0030657
Postural instability,other,C1843921
Directed Evolution,custom,N/A
Machine Learning,other,C0376284
directed evolution,other,C1113686
Single-Cell Selection,custom,N/A
Fitness,other,C1456706
Trpb,custom,N/A
In Vivo,other,C1515655
bacterial cell,other,C0563199
Trait-Of-Interest,custom,N/A
system output,other,C1709366
Genetic Selection,other,C0036576
"Analyzers, Laboratory, Microbiology",other,C0181826
Enzymes,chemical,C0014442
Population Splitting,custom,N/A
Primary,other,C0205225
Distance,other,C0012751
geographic population,other,C0032659
Genetic,other,C0314603
Igg-Fc,custom,N/A
Tryptophan Synthase,chemical,C0041258
Chance,other,C0237506
Optimum,other,C2698651
Fluorescence-Activated Cell Sorting,lab_procedure,C0079366
Microfluidic-Based Methods,custom,N/A
Empiric,other,C1880496
Multi-Dimensional Selection,custom,N/A
Threshold,other,C0449864
Amp0279,custom,N/A
Lysinibacillus,other,C1947862
R131E,custom,N/A
R131H,custom,N/A
R131A,custom,N/A
E349D,custom,N/A
Leucine Aminopeptidase,chemical,C0023402
Molecular Docking,other,C5392994
"Mutagenesis, Site-Directed",other,C0079870
Binding Energies,custom,N/A
Hydrolysis,other,C0020291
Electrostatics,other,C0376534
Aminopeptidase,chemical,C0002570
Endopeptidases,chemical,C0030946
Exopeptidase,chemical,C0117059
Carboxypeptidase,chemical,C0007075
Dipeptidyl Peptidases,chemical,C0012515
Tripeptidyl-Peptidases,chemical,C2717828
Metalloproteases,chemical,C0025543
L-Leucine-P-Nitroanilide,custom,N/A
protein maturation,other,C1660003
"Protein Degradation, Metabolic",other,C0597297
hormonal regulation,other,C0920552
arginine,chemical,C0003765
Glutamates,chemical,C0017789
aspartate,chemical,C0085845
1-leucine-4-nitroanilide,chemical,C0044422
− 8. Kcal/Mol,custom,N/A
− 7. Kcal/Mol,custom,N/A
Polymerase Chain Reaction,other,C0032520
Amp0279-R131E,custom,N/A
Amp0279-R131H,custom,N/A
Amp0279-R131A,custom,N/A
Amp0279-E349D,custom,N/A
Hydrogen-Ion Concentration,other,C0020283
45 °C,custom,N/A
35 °C,custom,N/A
40 °C,custom,N/A
2.70 Mol/L,custom,N/A
330.66 Mol/L,custom,N/A
20.86 Mol/L,custom,N/A
enzyme activity,other,C0243102
Protein Substrate Complex,custom,N/A
Catalytic fraction,other,C1305363
histidine,chemical,C0019602
glutamic acid,chemical,C0061472
Pymol,custom,N/A
Protein Contact Potential,custom,N/A
Electrostatic Forces,custom,N/A
Isoelectric Point,other,C0022171
"Bordetella pertussis pertactin vaccine, inactivated",chemical,C2725004
P.69T,custom,N/A
Pfs,custom,N/A
Pfs*,custom,N/A
Carboxy-Terminal Amino Acid,other,C1707271
protein N-terminus binding,other,C1323338
Double-Jump Denaturant Challenge Assay,custom,N/A
Kinetically Trapped,custom,N/A
Vitality,other,C0424589
Chromosomal translocation,other,C0040715
misfolded protein binding,other,C1655235
'de novo' protein folding,other,C1158942
Intermediate,other,C0205103
Energy Landscapes,custom,N/A
Im9,custom,N/A
Polychloroterphenyl Compounds,other,C0032452
Percutaneous Neuromodulation Therapy,therapeutic_proc,C1518963
Connecticut,other,C0009778
Β-Sheet-Rich Structure,custom,N/A
Disordered Conformation,custom,N/A
Transition Mutation,other,C0599156
Gdmcl,custom,N/A
Equilibrium,other,C0014653
P.69T-Ct,custom,N/A
M-Values,custom,N/A
NT5E wt Allele,gene_or_genome,C3889152
Single Exponential Model,custom,N/A
Double Exponential Model,custom,N/A
Anatomical segmentation,other,C0441635
U,custom,N/A
N,custom,N/A
Pfs*→N,custom,N/A
U→N,custom,N/A
Pfs→N,custom,N/A
L219E,custom,N/A
5.3×10 −3 ± 4×10 −4 S −1,custom,N/A
5.8×10 −4 ± 3×10 −5 S −1,custom,N/A
10-Fold,custom,N/A
100-Fold,custom,N/A
Bordetella pertussis,other,C0006017
Β-Helical Passenger Domain,custom,N/A
Kinetically Trapped State,custom,N/A
Galactose Oxidase,chemical,C0016948
Komagataella pastoris,other,C0997362
Micrococcal Nuclease,chemical,C0025965
secondary alcohols,other,C0682927
Ancestral Sequence Reconstruction,custom,N/A
Bioelectrochemical Devices,custom,N/A
Synthesis Chemistry,other,C1515115
Bioreactors,lab_procedure,C0376432
Goase,custom,N/A
Variant,other,C0205419
galactose,protein,C0016945
hydrogen peroxide,drug,C0020281
raffinose,other,C0034632
lactose,protein,C0022949
Oligosaccharides,other,C0028959
Polysaccharides,drug,C0032594
primary alcohols,other,C0682926
M-Rqw,custom,N/A
L3F3,custom,N/A
Abts,custom,N/A
Horseradish Peroxidase,chemical,C0019941
Pross,custom,N/A
Tti,custom,N/A
Colorimetric Cell Viability Assay,other,C2986858
Node 45,custom,N/A
151 Ancestral Mutations,custom,N/A
Physical activity,other,C0026606
Heterologous,other,C0439860
Evopross,custom,N/A
S10P,custom,N/A
W290F,custom,N/A
R330K,custom,N/A
Q406T,custom,N/A
V494A,custom,N/A
N535D,custom,N/A
Sarlacc,custom,N/A
Ancestral Node 45,custom,N/A
P. Pastoris,custom,N/A
imidazole-4-acetic acid,other,C0063385
Fermentation,other,C0015852
Tremor,other,C0040822
Recombinants,other,C1514798
leucine,chemical,C0023401
production,other,C0033268
cupric ion binding,other,C3893937
Kelch-Like Structural Motif,custom,N/A
Immunoglobulin Domains,other,C1512665
carbohydrate binding,other,C1148582
Tyrosyl Radical,custom,N/A
CCKBR gene,gene_or_genome,C1332675
Libraries,other,C0023621
Engineering,other,C0014279
Diversity,other,C1880371
Retinoblastoma,neoplasm,C0035335
Ceara,other,C4744736
Brazil,other,C0006137
Leukocoria,disease,C0152458
Ocular hyperemia,disease,C0155169
Retinal Detachment,disease,C0035305
Vascularized Lesions,custom,N/A
Plant seeds,other,C0036563
Enucleation procedure,therapeutic_proc,C0014392
Pediatric brand name,drug,C0876889
Physical Examination,other,C0031809
Histopathology,other,C0677043
Autosome,other,C0596142
Sarcoma,neoplasm,C1261473
melanoma,neoplasm,C0025202
Sporadic (qualifier value),other,C0205422
Ophthalmoscopy,other,C0029090
Bilateral Disease,other,C1511113
X-Ray Computed Tomography,other,C0040405
Eye pain,other,C0151827
Calcified (qualifier),other,C0175895
Systemic Chemotherapy,therapeutic_proc,C1883256
Thrombin Time Assay,lab_procedure,C0677634
radiotherapeutic,other,C0034619
Malignant tumor of eye,neoplasm,C0496836
Epidemiology,other,C0014507
Incidence Rate,other,C1708485
Dystonia Musculorum Deformans,disease,C0013423
Mortality Vital Statistics,other,C0026565
Diagnosis,other,C0011900
Neoplasms,neoplasm,C0027651
Endoscopy (procedure),other,C0014245
Country,other,C0454664
Africa,other,C0001737
Asia,other,C0003980
Malignant neoplasm of breast,neoplasm,C0006142
Triple Negative Breast Neoplasms,neoplasm,C3539878
"PDCD1 protein, human",chemical,C0135710
PDCD1 gene,gene_or_genome,C1418401
"CD274 protein, human",chemical,C0965245
Transforming Growth Factors,chemical,C0040691
TNFRSF4 gene,gene_or_genome,C1420812
Polymers,other,C0032521
"RNA, Small Interfering",drug,C1099354
Toll-like receptors,chemical,C0670896
Dendritic Cells,other,C0011306
Tumor Antigens,chemical,C0041361
ERBB2 gene,gene_or_genome,C0242957
Immune Checkpoint Modulator,other,C4683561
"Lymphocytes, Tumor-Infiltrating",other,C0079722
Apoptosis,other,C0162638
Monoclonal Antibodies,chemical,C0003250
Priming,other,C0871133
Luminal region,other,C0524462
Transforming Growth Factor beta,chemical,C0040690
Deoxycytidine,other,C0011485
Bn-Cv301,custom,N/A
MUC1 gene,gene_or_genome,C1417490
Carcinoembryonic Antigen,chemical,C0007082
CD80 gene,gene_or_genome,C1366561
Intercellular adhesion molecule 1,chemical,C0063695
"Antigens, CD58",chemical,C0081942
Bintrafusp alfa,chemical,C5139699
CXCR1/2 Inhibitor SX-682,drug,C4725695
CXCR1 gene,gene_or_genome,C1334125
CXCR2 gene,gene_or_genome,C1334126
Adenocarcinoma of lung (disorder),neoplasm,C0152013
Secondary malignant neoplasm of pleura,neoplasm,C0153678
Tumor Resection,therapeutic_proc,C4761063
Biopsy of pleura (procedure),other,C0176531
Tyrosine Kinase Inhibitors [MoA],other,C2757011
Overall Survival,other,C4086681
Progression-Free Survival,other,C0242792
Hazard Ratio,other,C2985465
Non-Small Cell Lung Carcinoma,neoplasm,C0007131
Phase,other,C0205390
Localized,other,C0392752
Malignant neoplasm of lung,neoplasm,C0242379
Groups,therapeutic_proc,C0441833
Clinical,other,C0205210
Epidermal Growth Factor Receptor,chemical,C0034802
ALK gene,gene_or_genome,C1332080
Platinum Antineoplastic Compound,drug,C3536920
removal technique,therapeutic_proc,C0015252
Lobectomy,therapeutic_proc,C0023928
Bilobectomy,therapeutic_proc,C0371451
Pneumonectomy,therapeutic_proc,C0032284
Neoadjuvant Chemotherapy,therapeutic_proc,C5392214
Postoperative Period,other,C0032790
Immunotherapy,therapeutic_proc,C0021083
First line treatment,therapeutic_proc,C1708063
Recovery - action,other,C0237820
Tki,custom,N/A
Oral region,other,C0230028
Continuance of life,other,C0038952
Positive,other,C1446409
Age,other,C0001779
High risk of,other,C0332167
Curie,other,C0700085
National Comprehensive Cancer Network,other,C1513893
Exploratory thoracotomy,other,C0175759
Cytoreduction Treatment,therapeutic_proc,C0864494
"Pleural Effusion, Malignant",disease,C0080032
Deng Et Al.,custom,N/A
Congenital Nonbullous Ichthyosiform Erythroderma,disease,C0079154
isoliquiritigenin,other,C0045137
4T1,custom,N/A
1-Phosphatidylinositol 3-Kinase,chemical,C0044602
Proto-Oncogene Proteins c-akt,chemical,C0164786
P-Akt,custom,N/A
"FRAP1 protein, human",chemical,C1307407
P-Mtor,custom,N/A
Matrix Pharmaceutical Inc.,other,C0331858
Matrix Metalloproteinase 9,chemical,C0165519
N-Cadherins,chemical,C0027215
Colony-Forming Units Assay,lab_procedure,C0009385
Bioluminescence,other,C0162404
brca gene,gene_or_genome,C0596223
Matrix Metalloproteinases,chemical,C0623362
Matrix Metalloproteinase 2,chemical,C0172537
epigallocatechin gallate,drug,C0059438
ellagic acid,drug,C0013900
resveratrol,drug,C0073096
formononetin,protein,C0060656
Anti-Cancer Activity,custom,N/A
licorice root extract,drug,C0770612
Icelandic language,other,C0020751
doxorubicin,other,C0013089
MDA-MB-231 Cells,other,C5690732
4T1-Luc,custom,N/A
cytotoxicity,other,C0596402
Colony Formation Assay,custom,N/A
20 Μm,custom,N/A
40 Μm,custom,N/A
5 Μm,custom,N/A
10 Μm,custom,N/A
Isl-L,custom,N/A
Isl-H,custom,N/A
Matrigel Invasion Assay,lab_procedure,C1513015
Wound Healing,other,C0043240
Tumor Cell Invasion,neoplasm,C1269955
Migration,other,C4551669
Anti-Metastatic Properties,custom,N/A
Signal Pathways,other,C0037080
Secondary malignant neoplasm of lung,neoplasm,C0153676
Tumor size,other,C0475440
Body Weight,other,C0005910
Staining method,lab_procedure,C0487602
Metastatic to,other,C0036525
Dose-dependent,other,C1512045
Xenograft procedure,therapeutic_proc,C0520484
Organ,other,C0178784
Heart,other,C0018787
Liver,other,C0023884
Kidney,other,C0022646
Anti-Tumorigenic Effects,custom,N/A
Cell Cycle Arrest,other,C1155873
Cell Proliferation,other,C0596290
Drug resistance,other,C0013203
Mouse Model,other,C2986594
Therapeutic regimen,therapeutic_proc,C1276413
Pi3K/Akt Pathway,custom,N/A
Anti-Invasive Agent,custom,N/A
Neoplasm Metastasis,neoplasm,C0027627
Endotracheal Metastases,custom,N/A
Endobronchial Metastases,custom,N/A
Secondary malignant neoplasm of trachea,neoplasm,C0685016
bronchoscopic,other,C0442419
Malignant tumor of colon,neoplasm,C0007102
Primary malignant neoplasm,neoplasm,C1306459
"Ectodermal dysplasia, ectrodactyly, and macular dystrophy",disease,C1857041
Tracheal Neoplasms,neoplasm,C0040582
Eem,custom,N/A
Bronchoscopy,other,C0006290
Rat Sarcoma,neoplasm,C1882848
Nucleic acid sequencing,lab_procedure,C1294197
Mass Chest X-Ray,therapeutic_proc,C0024867
Chest CT,other,C0202823
Molluscoid pseudotumors,disease,C1844597
Squamous cell carcinoma,neoplasm,C0007137
Malignant tumor of cervix,neoplasm,C0007847
Perforation of stomach,disease,C0235884
Subtotal gastrectomy,therapeutic_proc,C0030600
High Grade Cervical Squamous Intraepithelial Neoplasia,neoplasm,C1512433
Metastatic Carcinoma to the Uterine Cervix,neoplasm,C0278584
Emergency Laparotomy,custom,N/A
Surgical aspects,other,C0038895
Cervix carcinoma,neoplasm,C0302592
Immunoblotting,lab_procedure,C0020985
Clavien-Dindo Grade IIIb,other,C4055229
Positron-Emission Tomography,other,C0032743
Lymphonodal Invasion,custom,N/A
Hematogenous Metastases,custom,N/A
Lung,other,C0024109
Skeletal bone,other,C0262950
Stomach,other,C0038351
Gastroparesis,disease,C0152020
Lymph node excision,therapeutic_proc,C0024203
paclitaxel,drug,C0144576
carboplatin,drug,C0079083
Neck,other,C0027530
Therapeutic radiology procedure,therapeutic_proc,C1522449
Persistent,other,C0205322
Long Intergenic Non-Protein Coding RNA,protein,C2982391
Hypoxia,pathologic_function,C0242184
Adenoviruses,other,C0001483
Hypoxia-Inducible Factor 1,chemical,C0215848
Vascular Endothelial Growth Factor A,chemical,C0078058
Mirna-20A-5P,custom,N/A
Pphn,custom,N/A
Hypoxemia,other,C0700292
chronic,other,C0205191
Vasculature of lung,other,C0489877
Endothelial Cells,other,C0225336
Angiogenic Process,other,C0302600
Blood Vessel,other,C0005847
Mpaecs,custom,N/A
Pulmonary Hypertension,pathologic_function,C0020542
Signal Transduction,other,C0037083
Transwell Assay,custom,N/A
Biological Assay,lab_procedure,C0005507
Short Hairpin RNA,other,C2930586
Cell Cycle,other,C0007586
G1 Phase,other,C0079395
S Phase,other,C0080129
G2 Phase,other,C0079396
Moderately differentiated (qualifier value),other,C0205616
Mir-20A-5P,custom,N/A
Shrna-Lncrna H19,custom,N/A
Sirna-Mir-20A-5P,custom,N/A
nitric oxide,drug,C0028128
Vasodilator Agents,drug,C0042402
Lung Endothelial Cell Dysfunction,custom,N/A
oxygen,drug,C0030054
Vascular Remodeling,other,C3850148
Tubiechong Gel Plaster,custom,N/A
Rattus norvegicus,other,C0034693
Human Umbilical Vein Endothelial Cells,other,C3179121
Franz Diffusion Cell Method,custom,N/A
Modified Einhorn Method,custom,N/A
roentgenographic,other,C0034571
Safranin O Fast Green Staining,custom,N/A
Immunohistochemistry,other,C0021044
Metabolite,protein,C0870883
Enzyme-Linked Immunosorbent Assay,lab_procedure,C0014441
Azone,other,C0104857
Bone Growth,other,C0971859
Transdermal Route of Drug Administration,other,C0040652
scopolamine,drug,C0036442
chinese medicine,other,C0025123
Tubiechong,custom,N/A
Steleophaga Plancyior,custom,N/A
Eupolyphaga sinensis,other,C1922312
Shen Nong Ben Cao Jing,custom,N/A
Pharmacopoeias,other,C0376689
Wounds and Injuries,other,C0043251
Dermatology field,other,C0011627
Gynecology,other,C0018417
Pediatrics,other,C0030755
Virus Diseases,disease,C0042769
Huvecs,custom,N/A
TGM4 gene,gene_or_genome,C1420716
Ritger-Peppas Equation,custom,N/A
4.75 Times,custom,N/A
0.89,custom,N/A
thallium,other,C0039738
CP protocol,therapeutic_proc,C0056447
testolactone,drug,C0039600
Callus formation,other,C3811681
Fracture Healing,other,C0162542
Compact bone,other,C0222661
Diaphyses,other,C0242696
Medullary cavity of bone,other,C0222662
Callus Fillings,custom,N/A
Fracture,other,C0016658
Site of fracture,other,C0449676
"Alkaline phosphatase isoenzyme, bone fraction",chemical,C0312399
"C-Terminal Telopeptide Type 1 Collagen, human",chemical,C5574748
cyclophosphamide,drug,C0010583
BGLAP gene,gene_or_genome,C1412791
Cell Differentiation process,other,C0007589
Bone Resorption,other,C0005974
Osteoblasts,other,C0029418
bone metabolism,other,C0596204
Chondrocyte,other,C0225369
Fibrous Callus,custom,N/A
Cartilage,other,C0007301
Cancellous Bone,other,C0222660
Endochondral Ossification,other,C1622923
Immature Bone,other,C1704398
Lamellar bone,other,C0682560
Imaging Software Name,other,C5446832
P < 0.01,custom,N/A
CD31 Antigens,chemical,C0081939
Tibial Fractures,other,C0040185
Osteogenesis,other,C0029433
Macrovascular Fusion,custom,N/A
levamisole,drug,C0023556
ketoprofen,drug,C0022635
dimethyl fumarate,drug,C0058218
fluorouracil,drug,C0016360
tartaric acid,other,C0075821
Aluminum glycinate,drug,C0304541
kaolin,drug,C0022499
glycerin,drug,C0017861
Np-700,custom,N/A
Delphi Technique,other,C0011216
Discrete Choice Study,other,C5575749
therapeutic aspects,other,C0039798
"Expenditures, Out-of-Pocket",other,C3815933
Life Expectancy,other,C0023671
Quality of life,other,C0034380
Patients,other,C0030705
Iranian (ethnic group),other,C1553355
EGFR Positive,other,C4525189
trastuzumab,chemical,C0728747
Instrument - device,gene_or_genome,C0348000
Estimated,other,C0750572
Healthcare services,other,C0557829
Perceived quality of life,other,C0518214
Life,other,C0376558
Iran,other,C0022065
Chronic disease,disease,C0008679
Methods,gene_or_genome,C0025663
payment,other,C0680264
Lewis Blood-Group System,other,C0023595
Ankylosing spondylitis,disease,C0038013
infliximab,chemical,C0666743
Myeloid neoplasm,neoplasm,C2939461
Platelet-Derived Growth Factor beta Receptor,chemical,C0290068
Protein-tyrosine kinase inhibitor,drug,C1268567
imatinib,drug,C0935989
"Antirheumatic Drugs, Disease-Modifying",drug,C0242708
Hematology (discipline),other,C0018943
Tumor Necrosis Factor Inhibitors,drug,C3537192
Hematologic Neoplasms,neoplasm,C0376545
Rheumatoid Arthritis,disease,C0003873
Lymphoma,neoplasm,C0024299
"Myeloid Leukemia, Chronic",neoplasm,C0023473
Leukemic Hematopoietic Stem Cell,other,C1517807
TNF gene,gene_or_genome,C0812246
cytokine,chemical,C0079189
Bdmard,custom,N/A
anlotinib,drug,C4519250
osimertinib,drug,C4058811
VEGFA gene,gene_or_genome,C1823619
E-Cadherin,chemical,C0042172
Vimentin,chemical,C0042666
Osi-R Cells,custom,N/A
Combined Modality Therapy,therapeutic_proc,C0009429
"Mice, Nude",other,C0025932
Fusion procedure,therapeutic_proc,C1293131
c-MET Gene Amplification,other,C1711106
ROS1 gene,gene_or_genome,C0812281
"RET protein, human",chemical,C0389252
C797X Mutation,custom,N/A
Epidermal growth factor receptor inhibitor,drug,C5574906
Tumor Progression,neoplasm,C0178874
gefitinib,drug,C1122962
EGFR NP_005219.2:p.T790M,other,C3274192
Emergency Medical Technicians,other,C0013963
Pericardium acupuncture point PC9,other,C0450697
Hcc827,custom,N/A
Pc9-Or,custom,N/A
Hcc827-Or,custom,N/A
200 Nmol/L,custom,N/A
Phenotype,other,C0031437
Filopodia,other,C0600315
Mesenchymalization,custom,N/A
Osi-R,custom,N/A
Ic 50,custom,N/A
Benefit,other,C0814225
antiangiogenesis therapy,therapeutic_proc,C0281318
Wound-Healing Assay,custom,N/A
Reverse Transcriptase Polymerase Chain Reaction,other,C0599161
Pi3K/Akt,custom,N/A
MAP2K1 gene,gene_or_genome,C1334474
erlotinib,drug,C1135135
Primary Myelofibrosis,neoplasm,C0001815
Mpfs,custom,N/A
Clinical Research,other,C0008972
Egfr-Tkis,custom,N/A
Liver carcinoma,neoplasm,C2239176
Tongue,neoplasm,C0040408
Α-Fp,custom,N/A
Secondary malignant neoplasm of kidney,neoplasm,C0153685
"Liver Cirrhosis, Alcoholic",disease,C0023891
Laparotomic Left Adrenalectomy,custom,N/A
regional,other,C0205147
Hepatitis B,disease,C0019163
Hepatitis C,disease,C0019196
Adrenocortical carcinoma,neoplasm,C0206686
Adrenalectomy,therapeutic_proc,C0001632
Spreading (qualifier value),pathologic_function,C0332261
Transplantation of liver,therapeutic_proc,C0023911
Surgery specialty,other,C0038894
Minimally Invasive Surgical Procedures,therapeutic_proc,C0282624
"Embolization, Therapeutic",therapeutic_proc,C0013931
Ablation Techniques,therapeutic_proc,C2350239
alpha-Fetoproteins,chemical,C0002210
Adrenal mass,other,C0342500
Metastatic Lesion,other,C1513183
Synchronous Occult Cancer,custom,N/A
Malignant neoplasm of prostate,neoplasm,C0376358
Hematological Disease,disease,C0018939
Exercise,other,C0015259
Retention (Psychology),other,C0035280
Control Groups,other,C0009932
Regular Check-Ins,custom,N/A
Systematic Review,other,C1955832
Cinahl,custom,N/A
MEDLINE,other,C0025141
Embase Rcts,custom,N/A
Science,other,C0036397
Cochrane Central Register Of Controlled Trials,custom,N/A
Aerobic,other,C1510824
Resistance (Psychotherapeutic),other,C0237834
Anxiety,other,C0003467
Cancer-related fatigue,other,C4274302
Clinical Trials,other,C0008976
Malignant neoplasm of endometrium,neoplasm,C0007103
Glioma,neoplasm,C0017638
Malignant Head and Neck Neoplasm,neoplasm,C0278996
Malignant neoplasm of esophagus,neoplasm,C0546837
Esophagogastric Junction,other,C0014871
ovarian neoplasm,neoplasm,C0919267
North America,other,C0028405
Europe,other,C0015176
Australia,other,C0004340
COVID19 (disease),disease,C5203670
Psychological Distress,other,C0815107
disease recurrence,other,C0679254
Interventional procedure,therapeutic_proc,C0184661
Health Problems in Pregnancy,disease,C2963170
trauma qualifier,other,C1510467
Accidents,other,C0000924
Personal Attribute,other,C1519021
Hemopoietic stem cell transplant,therapeutic_proc,C0472699
Multimorbidity,other,C1535889
Advanced Malignant Neoplasm,neoplasm,C0877373
Co-Occurring Mutation-Pair Signatures,custom,N/A
Deleterious Mutation,other,C2985436
oncogene-induced senescence,pathologic_function,C3159310
Pan-Cancer Mutation Profiles,custom,N/A
Tcga,custom,N/A
Genomics Evidence Neoplasia Information Exchange,other,C5575684
Secondary malignant neoplasm of breast,neoplasm,C5441655
Proliferation,other,C1514485
bone metastasis-targeting peptidomimetic-11,chemical,C2830059
Neoplastic Cell Transformation,neoplasm,C0007621
Mutual,other,C1709100
Act Relationship Type - occurrence,other,C1554210
Synthetic Lethality,other,C4280020
Primary Neoplasm,neoplasm,C0677930
Pan-Cancer Data,custom,N/A
Genie (Methylmethacrylates),other,C0061197
Frameshift Mutation function,other,C0079380
Nonsense mutation,other,C0544885
Nonstop Mutation,other,C4725191
Malignant neoplasm of skin,neoplasm,C0007114
adagrasib,drug,C5544276
Oncogenes,gene_or_genome,C0029016
Tumor Suppressor Genes,gene_or_genome,C0079427
Gene Pairs,custom,N/A
Gene Doublets,custom,N/A
chromatin organization,other,C1156187
Anaplasia,neoplasm,C0002793
Body tissue,other,C0040300
K-ras Oncogene,gene_or_genome,C0022457
TP53 gene,gene_or_genome,C0079419
Paad,custom,N/A
zinc ion binding,other,C1148621
"Sp1 protein, human",chemical,C1308232
SP3 gene,gene_or_genome,C1442756
Nfkd1,custom,N/A
JUN gene,gene_or_genome,C0162508
Transcriptional Regulation,other,C1158770
TRANSCRIPTION FACTOR,chemical,C0040648
Immune response,other,C0020964
Intercellular Communication Process,other,C1154413
"SMAD4 protein, human",chemical,C0385939
U2AF1 gene,gene_or_genome,C1421254
GNAS gene,gene_or_genome,C1366550
MYC gene,gene_or_genome,C0086661
Pancreatic carcinoma,neoplasm,C0235974
Retinoblastoma Protein,chemical,C0080113
Cyclin D,chemical,C0388730
"SMAD3 protein, human",chemical,C0529119
CDK6 gene,gene_or_genome,C1413287
Antigen-Presenting Cells,other,C0003315
CTNNB1 gene,gene_or_genome,C1332803
Pi3K-Akt,custom,N/A
Mitogen-Activated Protein Kinases,chemical,C0752312
FOXO Family,chemical,C3899164
Nerve Growth Factors,chemical,C0027754
Omnipath,custom,N/A
Double Mutant Tumors,custom,N/A
"Cardiomyopathy, Familial Idiopathic",disease,C1449563
CCL27 gene,gene_or_genome,C1366566
Brcnos,custom,N/A
Trees (plant),other,C0040811
phosphatidylinositol 3-kinase signaling,other,C1817666
Phosphatidylinositide 3-Kinase Inhibitor,drug,C1519050
EGFR NP_005219.2:p.L858Q,other,C3274202
FOXA1 gene,gene_or_genome,C1415626
H1-0 gene,gene_or_genome,C1415384
Nucleosomes,chemical,C0028623
Opportunistic Infections,disease,C0029118
Cancer-Type Specificity,custom,N/A
Fp-Growth Tree Method,custom,N/A
Xenografts,custom,N/A
Hyl001,custom,N/A
receptor,chemical,C0597357
Galunisertib,drug,C3896943
Immune Checkpoint Blockade,other,C5392067
Secondary malignant neoplasm of liver,neoplasm,C0494165
Inhibitor,protein,C1999216
Angiotensin-Converting Enzyme Inhibitors,drug,C0003015
Compound (substance),other,C1706082
6-Methoxy-4-Methylquinoline,custom,N/A
6-Substituted-4-Methylquinolines,custom,N/A
hydroxyl group,other,C0700307
quinoline,other,C0034423
ACVR1B gene,gene_or_genome,C1332011
TGFBR1 gene,gene_or_genome,C1336624
vactosertib,drug,C4682399
MAPK14 gene,gene_or_genome,C1366876
selectin activity,other,C1325391
S(>65 10),custom,N/A
S(>90 10),custom,N/A
competition,other,C0679932
Disease-Relevant Mutant Kinases,custom,N/A
HEK293 Cells,other,C2936239
"TGFA protein, human",chemical,C3849193
"Receptor, Transforming Growth Factor-beta Type I",chemical,C0292688
SMAD2 gene,gene_or_genome,C1334468
"Luciferases, Firefly",chemical,C0311727
kinase activity,other,C1150423
Luciferase-Based Reporter Assay,custom,N/A
inhibition of kinase activity,other,C2247121
Balb/C Mice,custom,N/A
Liquid Chromatography,lab_procedure,C0008565
Plasma,other,C0032105
Protein Binding,other,C0033618
oral incubation,other,C2752975
End-stage,other,C0205088
KCNH2 gene,gene_or_genome,C1416572
E 4031,drug,C0082359
Potassium Channel,chemical,C0032824
Cardiotoxicity,other,C0876994
inhibin binding,other,C2612855
Biochemical Reaction,other,C1511131
Patch-Clamp Assay,custom,N/A
Laboratory Procedures,lab_procedure,C0022885
Salmonella typhimurium,other,C0036126
Fraction of,other,C1264633
Lethargy,other,C0023380
Tachycardia,other,C0039231
Sternum Protrusion,custom,N/A
Locomotion,other,C0023946
Rough Hair Coat,custom,N/A
Piloerection,other,C0031924
Femur,custom,N/A
Bone structure of tibia,other,C0040184
Sternum,other,C0038293
Hypertrophy,pathologic_function,C0020564
Woman,other,C0043210
Myocardial degeneration,pathologic_function,C0027046
Heart valve disease,disease,C0018824
Cell Growth,neoplasm,C0007595
Aortic valve structure,pathologic_function,C0003501
Periarteritis,disease,C0264988
Myocardium,pathologic_function,C0027061
Hyperplasia,pathologic_function,C0020507
Nonglandular Stomach,other,C2698493
Chronic inflammation,pathologic_function,C0021376
67 kDa Laminin Receptor,chemical,C3816725
Neutrophil count (procedure),lab_procedure,C0200633
Histopathological aspects,other,C0243140
Toxicity aspects,other,C0040539
Morbidity - disease rate,other,C0026538
Metaphysis,other,C0222671
biologic degeneration,other,C1880269
Heart Valve Prosthesis,other,C0018825
Mononuclear,other,C1513475
Focal Mononuclear Perivasculitis,custom,N/A
Vasculitis,disease,C0042384
Adenocarcinoma with cartilaginous and osseous metaplasia,neoplasm,C0334394
Aorta,other,C0003483
Coronary Vessels,other,C0010075
South Dakota,other,C0037717
Mononuclear cells,other,C0806987
Mtos,custom,N/A
Intestinal Neoplasms,neoplasm,C0021841
Sinusoid,other,C0682624
Polybrominated Biphenyls,other,C0032441
Drug Kinetics,other,C0031327
P <.05,custom,N/A
P =.02,custom,N/A
Miles,other,C0331865
21.9%,custom,N/A
42.2%,custom,N/A
81.2%,custom,N/A
53.1%,custom,N/A
Behavior,other,C0004927
Socioeconomic Status,other,C0086996
American Cancer Society,other,C0002455
Rurality,custom,N/A
Wearable Electronic Devices,other,C4505348
Preventive monitoring,other,C0150369
Conventional (Clear Cell) Renal Cell Carcinoma,neoplasm,C0279702
Histone H3 Methyl Lys4,chemical,C3896986
SETD7 gene,gene_or_genome,C1822691
Imphy002979,custom,N/A
R-Pfi-2,custom,N/A
cyproheptadine,drug,C0010620
Set (Psychology),other,C0036849
ADME,other,C1510686
Phytochemicals,protein,C0577749
Cell of Claudius,other,C0229473
Vascular Endothelial Growth Factor Receptor,chemical,C0148199
Organism Modification,other,C1518613
Histones,chemical,C0019652
DNA Methylation,other,C0376452
Histone deacetylase inhibitor,chemical,C1512474
Interleukin-2,chemical,C0021756
"Antigens, CD25",chemical,C0007507
percent positive cells,other,C0439178
FOXP3 gene,gene_or_genome,C1416467
entinostat,drug,C2743752
Anti-Pd-1,custom,N/A
Databases,other,C0242356
Mode,other,C1513371
Glidesp,custom,N/A
Glidexp,custom,N/A
Id Personality Component,other,C0020786
− 6 Kcal/Mol,custom,N/A
Ophthalmic conformer,other,C0180093
Imphy008285,custom,N/A
Gly336,custom,N/A
Ser268,custom,N/A
Mmgbsa,custom,N/A
Glide Docking Score,custom,N/A
− 42 Kcal/Mol,custom,N/A
− 87 Kcal/Mol,custom,N/A
− 81.9063 Kcal/Mol,custom,N/A
− 80.2811 Kcal/Mol,custom,N/A
Histone H3,chemical,C0019647
Tyr317,custom,N/A
Pro350,custom,N/A
Trp352,custom,N/A
Tyr353,custom,N/A
Docking Score,custom,N/A
Channel,other,C0439799
Qikprop,custom,N/A
Lipinski'S Rule Of Five,custom,N/A
Property (attribute),other,C0871161
Permeability,other,C0031164
Gut-Blood Barrier,custom,N/A
Blood,other,C0005767
Broussonetia papyrifera,other,C1199284
Flavonoids,other,C0596577
Chalcones,other,C1456331
Dihydrochalcones,custom,N/A
Antioxidants,drug,C0003402
Anti-Bacterial Agents,other,C0279516
Anti-Inflammatory Agents,drug,C0003209
Antitumor,other,C2986475
Intestinal Microbiome,other,C2985398
Immunotherapy for cancer,therapeutic_proc,C0278348
Immune Checkpoint Inhibitors,drug,C4684977
Feces,other,C0015733
Diet,other,C0012155
Asian Americans,other,C0003988
Microbiome,other,C1956108
Inflammatory disorder,disease,C1290884
Cancer Molecular Pathways,custom,N/A
Fecal Microbiota Transplantation,therapeutic_proc,C2242628
Antitumour Activity,custom,N/A
Pharmaceutical Preparations,drug,C0013227
Firmicutes,other,C1254144
Clostridium,other,C0009054
Family Oscillospiraceae,other,C1228943
Lachnospiraceae,other,C1210564
Butyrates,other,C0006521
Proteobacteria,other,C0751985
Bacteroidetes,other,C0995456
"Fatty Acids, Volatile",protein,C0015691
Probiotics,other,C0525033
Prebiotics,other,C2717875
Microorganism,other,C0445623
Biological Markers,other,C0005516
Dysbiosis,pathologic_function,C3658208
Severe (severity modifier),other,C0205082
Faecalibacterium prausnitzii,other,C0317558
Agathobacter rectalis,other,C0317478
Bifidobacterium,other,C0005380
Severities,disease,C0439793
"CTLA4 protein, human",chemical,C2350360
Bacteroides fragilis,other,C0004663
Burkholderia cepacia,other,C0085469
"Antibodies, Anti-Idiotypic",chemical,C0003242
Akkermansia muciniphila,other,C1490590
Faecalibacterium,other,C1229075
Lactobacillus,other,C0022938
Chemotherapy-Related Diarrhoea,custom,N/A
International Society of Preventive Oncology,other,C1512895
European Society For Medical Oncology,custom,N/A
Antibiotics,other,C0003232
Proton Pump Inhibitors,drug,C0358591
Renal Cell Carcinoma,neoplasm,C0007134
nivolumab,chemical,C3657270
Metabolomics,other,C1328813
Caucasian,other,C0007457
"Asia, Eastern",other,C0015631
"Asia, Southern",other,C0037723
"Asia, Southeastern",other,C0003983
Abdill Et Al.,custom,N/A
Diagnostic tests,other,C0086143
Onkopti®,custom,N/A
Wordpress,custom,N/A
Relational Sql Database,custom,N/A
Format (qualifier value),other,C1301627
Biological Response Modifier Therapy,therapeutic_proc,C0005527
Parenteral Nutrition,therapeutic_proc,C0030547
Standardized Protocols,custom,N/A
Administration of Digitalis,other,C2919279
Protocols documentation,other,C0442711
Prescription procedure,other,C0033080
Pharmaceutical Services,other,C0031321
Hospital Information Systems,other,C0019972
Information Systems,other,C0021428
Billing,other,C2987582
atezolizumab,chemical,C4055433
bevacizumab,chemical,C0796392
Carboplatin,custom,N/A
Pola-R-Chp,custom,N/A
Diffuse Large Cell Non-Hodgkin Lymphoma,custom,N/A
American Society of Clinical Oncology,other,C1515948
Onkopti,custom,N/A
Fraunhofer Institute For Experimental Software Engineering,custom,N/A
Onkopedia,custom,N/A
Esmo,custom,N/A
Nccn,custom,N/A
Asco,custom,N/A
European (ethnic group),other,C0239307
Antineoplastons Therapy,therapeutic_proc,C1879712
Supportive care,other,C0344211
Fraunhofer Iese,custom,N/A
Substance,other,C0439861
Acronyms,other,C1956259
Substancegroupid,custom,N/A
Unified Modeling Language,other,C1705711
"International Statistical Classification of Diseases and Related Health Problems, Tenth Revision (ICD-10)",other,C1137110
Mesh surgical material,other,C0181805
Anatomical Therapeutic Chemical (ATC)-classification system,other,C3540695
Leukopenia,disease,C0023530
Anemia,disease,C0002871
Thrombocytopenia,disease,C0040034
Antiemesis,custom,N/A
Behcet Syndrome,disease,C0004943
Cytotoxic agent (product),drug,C0304497
Administration occupational activities,other,C0001554
Pharmacist,other,C0031323
Nursing Staff,other,C0028698
Solutions,other,C0037633
Hospital Networks,custom,N/A
Compounding Centers,custom,N/A
Computerized Physician Order Entry System,other,C0973138
Pharmacotherapy,therapeutic_proc,C0013216
histone methyltransferase,chemical,C0062776
Immunosuppressive Agents,drug,C0021081
Htvs,custom,N/A
chloromethyl methyl ether,other,C0650224
Infection by Cryptococcus neoformans,disease,C0010414
Casein Kinase II,chemical,C0108555
RNA Sequence,other,C0162327
Q5Kft2_Crynj,custom,N/A
Aro1_Crynj,custom,N/A
Q5Kl19_Crynj,custom,N/A
Q5Kc42_Crynj,custom,N/A
Q5Kni6_Crynj,custom,N/A
Q5Kcs1_Crynj,custom,N/A
Q5Knh2_Crynj,custom,N/A
Q5Ka46_Crynj,custom,N/A
Q5Kev1_Crynj,custom,N/A
Gnina,custom,N/A
"Meningitis, Fungal",disease,C0085438
Acquired Immunodeficiency Syndrome,disease,C0001175
Cryptococcus,other,C0010415
Africa South of the Sahara,other,C0001738
Diabetes,disease,C0011847
Gammaherpesvirinae,other,C0206561
Liver Cirrhosis,disease,C0023890
Blood - brain barrier anatomy,other,C0005854
CNS disorder,disease,C0007682
Antifungal Agents,drug,C0003308
CSNK2A1 gene,gene_or_genome,C1332796
Wild-type strain,other,C4699368
Downregulated Genes,custom,N/A
Triplicate,other,C0205174
Supplementary Monitoring Activity Document,other,C3897425
Figure S1,custom,N/A
Lysophospholipase,chemical,C0024361
Phospholipases A2,chemical,C0031667
DNA Binding,other,C1148673
four-way junction helicase activity,other,C2265221
ATP-Dependent DNA Helicases,chemical,C1720763
Phosphatidylcholines,drug,C1959616
mRNA cleavage,other,C1158726
Phagophores,other,C3158115
RNU6-1 gene,gene_or_genome,C1419574
alpha DNA polymerase:primase complex,other,C1744675
Nuclear nucleosome,other,C1325558
Glycerophospholipid metabolic process,other,C1158420
methionine metabolism,other,C1156801
Mitophagy,other,C1820119
Homologous Recombination,other,C0599773
GPI anchor biosynthetic process,other,C1157385
Q5Kkn1_Crynj,custom,N/A
Q5Ka63_Crynj,custom,N/A
Q5K997_Crynj,custom,N/A
Q5Kd10_Crynj,custom,N/A
Q5Kju6_Crynj,custom,N/A
Q5Kg11_Crynj,custom,N/A
Q5Kp63_Crynj,custom,N/A
Q5Kft0_Crynj,custom,N/A
Q5Khq2_Crynj,custom,N/A
Q5Kn73_Crynj,custom,N/A
CCL14 gene,gene_or_genome,C1332678
CSNK2B gene,gene_or_genome,C1413762
Chembl267345,custom,N/A
Chembl1117,custom,N/A
Chembl1200647,custom,N/A
amphotericin B,other,C0002679
Ergosterol,drug,C0014705
idarubicin,drug,C0020789
Candicidin,other,C0006834
Glycine dehydrogenase (decarboxylating),chemical,C0082731
Glycine Dehydrogenase,chemical,C0061600
"Ribosome Subunits, Small",other,C1167012
Q5Kab9_Crynj,custom,N/A
Ribosome Subunits,other,C1956015
"Meningitis, Cryptococcal",disease,C0085436
Cryptococcus neoformans,other,C0010416
Rna-Sequenced Cell Cultures,custom,N/A
bioformation,other,C0005572
phosphatidylethanolamines,protein,C0031618
phosphatidylinositols,protein,C0031621
Phosphatidic Acids,other,C0031612
Phospholipase,chemical,C0031671
Pathogenesis,pathologic_function,C0699748
Virulence,other,C0042765
Pyrimidinones,other,C0034290
Dihydropyridines,drug,C0012315
Pyrimidines,protein,C0034289
"PIK3CG wt Allele, Human",gene_or_genome,C1705325
Phosphatidylinositol 3-Kinases,chemical,C2936824
Amidines,other,C0002483
4-Pyrimidinols,custom,N/A
Ethyl-Β-Ketoesters,custom,N/A
Cu-Catalyzed,custom,N/A
4-Ho-Tempo,custom,N/A
Oxidative Dehydrogenation,custom,N/A
Removal of tracheostomy tube,therapeutic_proc,C0178148
Rationalization,other,C0034692
imidazole,drug,C0020923
Tetrahydroisoquinolines,drug,C0259969
Cyclohexanones,other,C0010571
"2,2,6,6-tetramethyl-4-piperidine-N-oxide",drug,C0076084
Α-Aminoamidine 1A,custom,N/A
ethyl acetoacetate,drug,C0059749
Tert-Butyl(2-Propan-2-Yl)Carbamate 3,custom,N/A
Α-Aminoamidine 1B,custom,N/A
Α-Aminoamidine 1C,custom,N/A
methylmethacrylate,other,C0066409
N-(2-Propan-2-Yl)Methanesulfonamide 5,custom,N/A
Tert-Butyl(2-Butan-2-Yl)Carbamate 6,custom,N/A
"Tert-Butyl(Tert-Butoxycarbonyl)(2-(2-(Amino)Propan-2-Yl)-4-Oxo-5,6-Dihydropyrimidin-5-Yl)Carbamate 8",custom,N/A
2-Propan-2-Amine 10A-I,custom,N/A
Pi3Ks,custom,N/A
Α-Aminoamidines,custom,N/A
Saturated Carbonyl Derivatives,custom,N/A
Antineoplastic Agents,drug,C0003392
Activator,protein,C4743777
APLNR wt Allele,gene_or_genome,C4521366
Hg106,custom,N/A
Stimulation (motivation),other,C1948023
Tyr705,custom,N/A
Psychological Transfer,other,C0040671
crizotinib,drug,C2974289
Stat3 protein,chemical,C0253050
Alogp,custom,N/A
Projections and Predictions,other,C0016538
Dimensionality,other,C1707753
Pharmacophoric Fragments,custom,N/A
Molecular Structure,other,C0026383
benzotriazole,other,C0053250
Molecular Properties,custom,N/A
Docking -molecular interaction,other,C1522290
Neurological screening,other,C0420037
Anticancer Activity,custom,N/A
Nci-H441,custom,N/A
Nci-H1299,custom,N/A
A549,custom,N/A
NCI-H522,other,C3898208
Mrc-5,custom,N/A
Ges-1,custom,N/A
CCT4 gene,gene_or_genome,C1413196
Soft Agar Assay,lab_procedure,C1519406
1 Μm,custom,N/A
0.5 Μm,custom,N/A
H441,custom,N/A
BAX gene,gene_or_genome,C0812198
caspase-3,chemical,C0291573
BCL2 gene,gene_or_genome,C0376515
Apoptotic,other,C1516044
"BCL2L10 protein, human",chemical,C1098337
H1299,custom,N/A
Immunofluorescent stain method,lab_procedure,C1318793
Nuclear Translocation,other,C1518440
Trp623,custom,N/A
Gln635,custom,N/A
Ser636,custom,N/A
Val637,custom,N/A
Tyr640,custom,N/A
Tyr657,custom,N/A
Ile659,custom,N/A
Glu638,custom,N/A
Triazoles,drug,C0040880
Gln644,custom,N/A
methoxyamine,drug,C0066156
interleukin-6,chemical,C0021760
interleukin-11 receptor activity,other,C1149188
Janus kinase 1,chemical,C0169658
Janus kinase 2,chemical,C0169661
Cancer Pain,other,C0596240
"Tumor cells, malignant",other,C0334227
Immune Evasion,other,C1654934
Oncogenic,other,C5668307
tumor growth,neoplasm,C0598934
Pharmacodynamics,other,C0851347
Molecular Targeted Therapy,therapeutic_proc,C2699893
MRSA - Methicillin resistant Staphylococcus aureus infection,disease,C0343401
Methicillin susceptible Staphylococcus aureus,other,C1635274
antibacterial peptide activity,other,C1149575
Minimal,other,C0547040
American Type Culture Collection,other,C0598079
Methods aspects,disease,C0025664
Microbicides,drug,C1136254
Pbp2A,custom,N/A
Lactams,other,C0022914
Tem-1 Β-Lactamase,custom,N/A
Enterobacteriaceae,chemical,C0014346
Antimicrobial Resistance,other,C1456627
World Health Organization,other,C0043237
Centers for Disease Control and Prevention (U.S.),other,C0007670
Tuberculosis,disease,C0041296
S. Aureus Atcc 25923,custom,N/A
SRI gene,gene_or_genome,C1420401
Acoli Language,other,C4724432
Nubbe,custom,N/A
Validation,other,C1519941
Applicability Domain,custom,N/A
Negative,other,C0205160
"2-[1-(2,3,4-Tri-O-Acetyl-6-Deoxy-Β-L-Galactopyranosyl)-1,2,3-Triazol-4-Oxy]-1,4-Naphtoquinone",custom,N/A
"2-[1-(6-Deoxy-Β-L-Galactopyranosyl)-1,2,3-Triazol-4-Oxy]-3--1,4-Naphtoquinone",custom,N/A
"1,3-Bis­Propano-2-Aminium Chloride",custom,N/A
caseargrewiin F,other,C2745659
"N, N′-(Oxybis­)-Bis­(5-Furan-2-Carboxamide)",custom,N/A
methyl isocyanate,other,C0066256
Uplc,custom,N/A
High pressure liquid chromatography procedure,lab_procedure,C0008562
Broth Microdilution Assay,custom,N/A
Glycopeptides,chemical,C0017953
Therapeutic agent,other,C0304231
biology (field),other,C0005532
Pulmonary Fibrosis,disease,C0034069
"CDK8 protein, human",chemical,C1384564
P,custom,N/A
epithelial to mesenchymal transition,other,C1523298
"Migration, Cell",other,C1622501
protein expression,other,C1171362
Structure-Based Virtual Screening,custom,N/A
pirfenidone,drug,C0298067
nintedanib,drug,C2930789
Mother (person),other,C0026591
Tgf-Β/Smad Complex,custom,N/A
Noninflammatory,other,C0442743
Pro-Inflammatory Cytokines,custom,N/A
Chemdiv,custom,N/A
4F6U,custom,N/A
4F6W,custom,N/A
Dmg Loop,custom,N/A
methamphetamine,drug,C0025611
Availability of,other,C0470187
D98,custom,N/A
Y99,custom,N/A
A100,custom,N/A
Docking Performance,custom,N/A
Enzyme-Based Validation,custom,N/A
"1,3,4-oxadiazole",drug,C3712454
D173,custom,N/A
E66,custom,N/A
A50,custom,N/A
K52,custom,N/A
F97,custom,N/A
50.4 Nm,custom,N/A
Type Ii Cdk8 Inhibitors,custom,N/A
Nz8,custom,N/A
Osr,custom,N/A
Hydrophobic Back Pocket,custom,N/A
adenine,protein,C0001407
Geographic Locations,other,C0017446
Sbvs,custom,N/A
"CDK9 protein, human",chemical,C1172090
Kinase Inhibitors [MoA],other,C1152564
nitric-oxide synthase inhibitor activity,other,C1744692
Binding Sites,drug,C0005456
Chembl5187943,custom,N/A
Chembl1983980,custom,N/A
Tanimoto Score,custom,N/A
T-Distributed Stochastic Neighbor Embedding,custom,N/A
Molecular Signature,other,C1704864
senexin A,drug,C5544631
Cell Survival,other,C0007620
"ACTN1 protein, human",chemical,C2351743
Markers (device),other,C2745888
Fibrosis,pathologic_function,C0016059
Mental concentration,other,C0086045
Fluorescent Antibody Technique,lab_procedure,C0016318
P-Smad3 T179,custom,N/A
RNA Polymerase II,chemical,C0035679
A549 Cells,other,C4277577
Pser2/5,custom,N/A
cortistatin,chemical,C0389325
Cct251921,custom,N/A
Equirank,custom,N/A
Protein complex,chemical,C1180347
Egnn,custom,N/A
Casp15,custom,N/A
Voroif_Gnn,custom,N/A
Alphafold-Multimer,custom,N/A
Alphafold 2,custom,N/A
Trscore,custom,N/A
Resnet,custom,N/A
Social Networks,other,C0150775
Columbidae,other,C0325912
Ossicular piston prosthesis,other,C0441230
Graph - visual representation,other,C0681493
Chlorophyll Binding Proteins,chemical,C0079119
Conformational Sampling,custom,N/A
Spearman Correlation Test,other,C1710141
Voroif_Gnn_Test,custom,N/A
Dockground V1,custom,N/A
Alphafold_Multimer,custom,N/A
Dproqa,custom,N/A
Gnn-Dove,custom,N/A
Deeprank,custom,N/A
Piqle,custom,N/A
Deeprank-Gnn-Esm,custom,N/A
Gdockscore,custom,N/A
Eudockscore,custom,N/A
Area Under Curve,other,C0376690
Voroif_Gnn_Validation,custom,N/A
Protein Language Model,custom,N/A
t-Test,other,C0871472
Multimeric Geometry,custom,N/A
Biological Neural Networks,other,C0598941
Heterodimeric Interleukin-15,chemical,C4053488
X-Ray Unbound Benchmark Set,custom,N/A
Sequence-Based Representation,custom,N/A
Languages,other,C0023008
Oxidoreductase,chemical,C0030016
HMGCR gene,gene_or_genome,C1415615
Hyperlipidemia,disease,C0020473
Hep-G2,custom,N/A
Triglycerides,protein,C0041004
Marines,other,C0524645
Peptide Fragments,chemical,C0030935
cholesterol biosynthesis,other,C0599474
Hydroxymethylglutaryl-CoA reductase,chemical,C0020374
atorvastatin,drug,C0286651
Lipid Metabolism,other,C0598783
Cardiovascular Diseases,disease,C0007222
cholesterol absorption,other,C2945742
cholesterol metabolism,other,C1156530
LIPOPROTEIN LIPASE,chemical,C0023816
pepsin A,chemical,C0030909
Alkaline Protease,custom,N/A
Ser463-Gly860,custom,N/A
Leu462-Gly860,custom,N/A
1Hwk,custom,N/A
Score,other,C0449820
Admet,custom,N/A
Cytochrome P-450 CYP2D6,chemical,C0057223
CD55 gene,gene_or_genome,C1824670
Nonesterified Fatty Acids,other,C0015688
Wfktm,custom,N/A
High-Fat Hep-G2 Cells,custom,N/A
43.07%,custom,N/A
P < 0.05,custom,N/A
Apdmafpr,custom,N/A
Spadigfh,custom,N/A
Lpaypmp,custom,N/A
Dyprpw,custom,N/A
Hypolipidemic Agents,drug,C0086440
Micelles,protein,C0025938
Qdavmpnpf,custom,N/A
47.94%,custom,N/A
37.29%,custom,N/A
thioguanine,drug,C0039902
0.31 ± 0.04 Mmol/Gprot,custom,N/A
0.33 ± 0.05 Mmol/Gprot,custom,N/A
34.86% ± 0.08,custom,N/A
31.31% ± 0.10%,custom,N/A
400 Μm,custom,N/A
76.50% ± 5.62%,custom,N/A
Glu559,custom,N/A
Gly560,custom,N/A
Arg590,custom,N/A
Thr558,custom,N/A
Lys691,custom,N/A
Asp690,custom,N/A
Ala751,custom,N/A
Gly806,custom,N/A
Gly808,custom,N/A
Rmsd,custom,N/A
1.75–2.25 Å,custom,N/A
3.0–3.5 Å,custom,N/A
2.1–2.7 Å,custom,N/A
7.5–9.0 Å,custom,N/A
polyphenols,drug,C0071649
phytosterols,drug,C0031866
Dietary Fiber,other,C0012173
"Fatty Acids, Unsaturated",other,C0015690
LDL-C Oxidation,other,C4318458
Hdl-C,custom,N/A
Ophiocephalus <channid fish>,other,C1004696
Low Density Lipoprotein Receptor,chemical,C0034821
Bioactive Peptides,custom,N/A
aminoacid sequence of protein,other,C0920679
Evaluation,other,C0220825
"TRPV4 protein, human",chemical,C0962567
Htrpv4,custom,N/A
Z1213735368,custom,N/A
Stilbenes,other,C0038333
Fliprtetra Assay,custom,N/A
Structure-Based Screening,custom,N/A
Ligand-Based Virtual Screening,custom,N/A
Ion Channel-Modulating Compounds,custom,N/A
antagonists,chemical,C0243076
Inflammation,pathologic_function,C0021368
Nociception,other,C0234194
capsaicin,drug,C0006931
Tetrahydrocannabivarin,drug,C3869806
response to capsazepine,other,C3547157
Saf312,custom,N/A
Afferent neuron,other,C0027883
keratinocyte,other,C0022567
Osteoclasts,other,C0029431
Fibroblasts,other,C0016030
Neuroglia,other,C0027836
Peripheral,other,C0205100
Thermosensitive Trpvs,custom,N/A
Ruthenium Red,other,C0035975
Site,other,C0205145
Vbs Pocket,custom,N/A
Consurf,custom,N/A
dope,other,C0915374
Root-Mean-Square Deviation,custom,N/A
Z30995330,custom,N/A
Z229153032,custom,N/A
Z3099,custom,N/A
Z169988240,custom,N/A
Z51867077,custom,N/A
Z1053001754,custom,N/A
Z31055919,custom,N/A
F554,custom,N/A
F674,custom,N/A
F615,custom,N/A
V560,custom,N/A
F525,custom,N/A
Antagonist muscle action,chemical,C0231491
Enamine Library,custom,N/A
Phasehyposcore,custom,N/A
Phase Fitness Score,custom,N/A
Z916071674,custom,N/A
Z1213,custom,N/A
Z2214,custom,N/A
Z164852238,custom,N/A
Z229634356,custom,N/A
Z1728742868,custom,N/A
Z443243482,custom,N/A
Z1053,custom,N/A
Z4432,custom,N/A
Z1728,custom,N/A
Z1157,custom,N/A
GSK 1016790A,other,C2604031
Fifty,other,C3816723
4Α-Pdd,custom,N/A
pinosylvin,other,C0208371
Pinosylvin Monomethyl Ether,custom,N/A
isorhapontin,other,C3491220
astringin,other,C0909133
Xp Gscore,custom,N/A
Prime/Mm-Gbsa,custom,N/A
N541,custom,N/A
Gsk205,custom,N/A
HC-067047,drug,C3493142
N474,custom,N/A
gold,drug,C0018026
Gliding,other,C0336966
Sitemap,custom,N/A
T527,custom,N/A
K530,custom,N/A
D531,custom,N/A
S747,custom,N/A
D743,custom,N/A
Gsk2798745,custom,N/A
Flipr Tetra Assay,custom,N/A
Ligand-Based Vs,custom,N/A
Structure-Based Vs,custom,N/A
Digera,other,C4561817
Lincs L1000,custom,N/A
PARP1 gene,gene_or_genome,C1538577
olaparib,drug,C2316164
Lasso-Based Ensemble Framework,custom,N/A
Drug-induced,other,C0458082
Synthetic Accessibility,custom,N/A
Cell Membrane Permeability,other,C0007605
Drug-Likeness,custom,N/A
Cultured Cell Line,other,C0007600
Drug Interactions,pathologic_function,C0687133
Quantitative Structure-Activity Relationship,other,C0887819
Integrated,other,C5237367
Landmark Genes,custom,N/A
Chemogenomic Methods,custom,N/A
chemical properties,other,C0243178
Bayesian-Based Methodology,custom,N/A
Chemical Signatures,custom,N/A
Data Set,other,C0150098
Smiles (finding),other,C0517048
978 Landmark Genes,custom,N/A
statistical cluster,other,C0009085
Structural Fingerprints,custom,N/A
Crispr/Cas9,custom,N/A
Passive Cutaneous Anaphylaxis,lab_procedure,C0030625
Gene Knockout Techniques,other,C0599772
Gene Ontology,other,C1138831
Canonical Smiles,custom,N/A
Amnion-derived Cellular Cytokine Solution,drug,C3641622
Pcfp,custom,N/A
Ecfp,custom,N/A
Fcfp,custom,N/A
Mfbert,custom,N/A
F1@K,custom,N/A
Proprotein Convertase 1,chemical,C0135615
MCF-7 Cells,other,C0596890
CHOP protocol-cyclophosphamide/doxorubicin/prednisone/vincristine,therapeutic_proc,C0055598
Standard Score,other,C0871421
Up-Regulation (Physiology),other,C0041904
Down-Regulation,other,C0013081
Optimization,other,C2698650
Perturbagens,custom,N/A
Voting-Based Ensemble Model,custom,N/A
Lasso-Based Ensemble Model,custom,N/A
F1-Score,custom,N/A
HYOU1 gene,gene_or_genome,C1333935
Transcriptional Repression,other,C0920533
Combined Up/Down-Regulated Gene Rankings,custom,N/A
F1@1,custom,N/A
F10 gene,gene_or_genome,C1414497
F1@50,custom,N/A
F1@100,custom,N/A
F1@200,custom,N/A
AG 14361,drug,C1313513
Lgbm Classifier,custom,N/A
Maccs/Ecfp6,custom,N/A
Accurate (qualifier),other,C0443131
Precision - temporal,other,C1547902
Mental Recall,other,C0034770
Merkel cell carcinoma,neoplasm,C0007129
serial analysis of gene expression,other,C0876956
Gene Expression Profiling,lab_procedure,C0752248
Clinical action,other,C0441472
Gene Expression-Based Screening,custom,N/A
Mycobacterium tuberculosis,other,C0026926
Aldoxorubicin,drug,C5400019
Quarfloxin,drug,C2347728
Multidrug-resistant bacteria,other,C4076168
Mtb Strain H37Rv,custom,N/A
DNA Gyrase,chemical,C0949782
Surface Plasmon Resonance,other,C0597731
rifampin,other,C0035608
isoniazid,drug,C0022209
pyrazinamide,drug,C0034239
"Tuberculosis, Multidrug-Resistant",disease,C0206526
"Tuberculosis, Drug-Resistant",disease,C0206525
Quinolines,other,C0034424
pretomanid,other,C4310440
Delamanid,other,C3489682
linezolid,drug,C0663241
Rv3806C,custom,N/A
Dpre1,custom,N/A
Hemoglobin A,chemical,C0019016
Consciousness clear,other,C0239110
milliwatt,other,C0556966
Prostate-Specific Antigen,chemical,C0138741
Rotb,custom,N/A
Antitubercular Activity,custom,N/A
Quantitative (qualifier value),other,C0392762
Gcn_Ts,custom,N/A
Gat_Mce,custom,N/A
Mpnn_Ab,custom,N/A
Attentivefp_Mce,custom,N/A
Xgboost,custom,N/A
R 2,custom,N/A
MAV protocol,therapeutic_proc,C0286540
Mse,custom,N/A
Bioactive Molecules,custom,N/A
Lbvs,custom,N/A
Ensemble Models,custom,N/A
Leave-One-Model-Out Strategy,custom,N/A
rifamycins,other,C0035609
Macozinone,custom,N/A
rifapentine,other,C0073372
Rifalazil,drug,C0753448
Anti-Mtb,custom,N/A
elexacaftor,drug,C5139717
Batefenterol,custom,N/A
H37Rv,custom,N/A
Mdr-Tb,custom,N/A
Multi-Drug Resistance,other,C0242640
Log 10 Cfu/Ml,custom,N/A
4× Mics,custom,N/A
Colony-forming unit,other,C0553561
Bacterial,other,C0521009
Antimycobacterial Effect,custom,N/A
Evybactin,custom,N/A
Autodock Vina,custom,N/A
−6.499 To −7.494 Kcal/Mol,custom,N/A
−5.834 Kcal/Mol,custom,N/A
Pro353,custom,N/A
Arg354,custom,N/A
Asp350,custom,N/A
Tyr364,custom,N/A
DNA Gyrase A Subunit,chemical,C0120541
Gryb,custom,N/A
0.3997 Μm,custom,N/A
0.3242 Μm,custom,N/A
2.891 Μm,custom,N/A
30.1 Μm,custom,N/A
Glioblastoma,neoplasm,C0017636
Breast Carcinoma,neoplasm,C0678222
Ovarian Carcinoma,neoplasm,C0029925
Mtb H37Rv,custom,N/A
research study,other,C0681814
Penaeus monodon,other,C0998218
White spot syndrome virus 1,other,C1041671
Lichen Sclerosus et Atrophicus,disease,C0023652
Rotation,other,C0035868
Rating (action),other,C0871208
Clinical Symptoms,custom,N/A
Decreased,other,C0205216
Reduced,other,C0392756
Cuticle Detachment,custom,N/A
Vp28 Trimer Protein,custom,N/A
Castp Web Server,custom,N/A
Pocket Id 1,custom,N/A
Body Surface Area,other,C0005902
Volume,other,C0449468
Cid:8067,custom,N/A
Cid:441071,custom,N/A
Pyrx,custom,N/A
−3.1 Kcal/Mol,custom,N/A
−10.2 Kcal/Mol,custom,N/A
−8.5 Kcal/Mol,custom,N/A
−6.0 Kcal/Mol,custom,N/A
Vp28 Trimer,custom,N/A
Epicatechin,drug,C0014485
kaempferol,other,C0064280
Luteolin,drug,C0065264
apigenin,drug,C0912024
Asn A:154,custom,N/A
Ser B:156,custom,N/A
Met C:139,custom,N/A
Ser C:156,custom,N/A
glutamine,chemical,C0017797
Gln C:138,custom,N/A
Bond Distances,custom,N/A
Risk Evaluation and Mitigation Strategies Requirement,other,C4284141
water solubility,other,C0597682
Biological Availability,other,C0005508
Intestinal Absorption,other,C0021826
Pharmacokinetic Analysis Indicator,other,C4764198
Swissadme,custom,N/A
Corticosterone,drug,C0010124
chemical aspects,other,C0079107
Moderate (severity modifier),other,C0205081
Protoporphyrinogen oxidase,chemical,C0072500
Hepatotoxicity,other,C0235378
Carcinogenicity,neoplasm,C0858970
Mutagenicity Tests,lab_procedure,C0026878
Immunotoxicity,other,C0596763
Vp28,custom,N/A
Solvents,other,C0037638
Hydrogen Bonding,other,C0020276
complex (molecular entity),other,C1704241
Inhibition,other,C3463820
Apo-Protein,custom,N/A
C-Alpha Atoms,custom,N/A
Ligand-Bound,custom,N/A
Conformational Stability,custom,N/A
Frame of Reference,other,C1711364
Deviation,custom,N/A
Body-Weight Trajectory,other,C4704805
Fluctuation,other,C0231239
Rmsf,custom,N/A
terminal region determination,other,C1160149
protein-lipid complex,other,C2246377
Trimer,custom,N/A
Solvent-Accessible Surface Area,custom,N/A
25 Ns,custom,N/A
Vp28-Epicatechin,custom,N/A
Vp28-Kaempferol,custom,N/A
Vp28-Apigenin,custom,N/A
Vp28-Luteolin,custom,N/A
Mm-Pbsa,custom,N/A
Wssv,custom,N/A
A. Indica,custom,N/A
B. Monnieri,custom,N/A
In-Silico Methods,custom,N/A
"spike protein, SARS-CoV-2",chemical,C5391442
angiotensin converting enzyme 2,chemical,C0960880
Receptor Binding,other,C0597358
linoleic acid,drug,C0023749
protein S,chemical,C0072393
fatty acid binding,other,C1148641
SARS-CoV-2,other,C5203676
Docking-Based Virtual Screening,custom,N/A
In Vitro Assay,other,C1515653
Host (organism),other,C1167395
ACE2 gene,gene_or_genome,C1422064
Coronaviridae,other,C0010076
"Antibodies, Neutralizing",chemical,C0475463
Vaccines,chemical,C0042210
Initial Genomic Sequencing Date,other,C5235903
FABP Family Gene,gene_or_genome,C1333529
Latex Fixation Tests,lab_procedure,C0023117
Glide Standard Precision,custom,N/A
Anti-minor Histocompatibility Complex Donor T-Lymphocytes,other,C4724406
Chemplp,custom,N/A
Ablepharon,other,C0266574
Rbd-B,custom,N/A
Rbd-A,custom,N/A
Aromatic Rings,custom,N/A
Compound,other,C0205198
Specs,custom,N/A
palmidrol,other,C0069964
RNA Recognition Motif,chemical,C1522002
100 Μm,custom,N/A
8.9 Mm,custom,N/A
0%,custom,N/A
34%,custom,N/A
14%,custom,N/A
58%,custom,N/A
L929 Cells,other,C5690872
Presto Blue Tm Viability Assay,custom,N/A
One-way Analysis of Variance,other,C1709320
Dunnett’S Post Hoc Testing,custom,N/A
Peas - dietary,other,C0030738
phenylalanine,chemical,C0031453
Carboxylic Acids,other,C0007066
Temperature-Guided Protein Language Model,custom,N/A
Combinatorial Sequence Space,custom,N/A
SARS-CoV-2 3C-Like Proteinase Nsp5,chemical,C5575367
Candidate,other,C4527371
Paxlovid,custom,N/A
Veklury,custom,N/A
Lagevrio,custom,N/A
Coronavirus 3C Proteases,chemical,C5392150
Viral Transcription,other,C1158817
Virus Replication,other,C0042774
Pp1Ab,custom,N/A
PPP1CA gene,gene_or_genome,C1335240
Coefficient,other,C1707429
Matrix substance,other,C1706515
Cell cluster,other,C1179412
64 Single-Molecule Clusters,custom,N/A
Molecule,other,C0567416
Mean Internal Similarity Value,custom,N/A
0.757,custom,N/A
Chembl30,custom,N/A
Chemspace,custom,N/A
Mcule_Ultimate,custom,N/A
Molport,custom,N/A
zinc,drug,C0043481
Lipinski’S Rule Of 5,custom,N/A
Unique,other,C1710548
Does hit (finding),other,C0596020
Ensemble Docking,custom,N/A
Crystallographic Structures,custom,N/A
Icm-Pro,custom,N/A
Molecular Docking Simulation,other,C3494273
Consensus,other,C0376298
Ring Compound,other,C1519100
Mm/Pbsa,custom,N/A
7Rfs,custom,N/A
−5.67 Kcal/Mol,custom,N/A
−18.61 Kcal/Mol,custom,N/A
−10.8 Kcal/Mol,custom,N/A
−12.16 Kcal/Mol,custom,N/A
Protein-Ligand Complexes,custom,N/A
Active Site,other,C0205681
Analysis,other,C0936012
Macromolecular alteration,other,C0301641
Functional performance,other,C3853978
"cytochrome P450 3A4 protein, human",chemical,C1142644
P-Glycoproteins,chemical,C0069906
Admetlab 3.0,custom,N/A
Id31,custom,N/A
Drug-Like Molecules,custom,N/A
Surface,other,C0205148
Partition Coefficient,custom,N/A
Id11,custom,N/A
Id35,custom,N/A
Antiviral Agents,drug,C0003451
Enzyme Assays,lab_procedure,C2717977
Minute of time,other,C0439232
"3C-like proteinase, SARS-CoV-2",chemical,C5433351
Normal Range,other,C0086715
Diffint,custom,N/A
Structure-Based Drug Design,custom,N/A
Pseudoparticles,custom,N/A
proton binding,other,C3547075
Deep Generation Models,custom,N/A
"Crystallography, X-Ray",lab_procedure,C0206755
Sbdd,custom,N/A
C Α Level,custom,N/A
One-Hot Vector,custom,N/A
Denoising Diffusion Probabilistic Model,custom,N/A
Markov Chains,other,C0024828
Gaussian Filter,custom,N/A
Diffsbdd,custom,N/A
Pocket2Mol,custom,N/A
Flag,other,C1708067
Qed,custom,N/A
Event Log,other,C1708728
Lipinski,custom,N/A
PubChem,other,C1709764
Virus-Suppressing Drug Molecules,custom,N/A
hydrogen,other,C0020275
Baseline,other,C1442488
Strong Region,custom,N/A
Weak,other,C1762617
Test Set,custom,N/A
Rdkit,custom,N/A
Angular,other,C0205143
Dihedral Angles,custom,N/A
checkpoint clamp complex location,other,C1325581
Central Core Myopathy (disorder),disease,C0751951
cinacalcet,drug,C1337242
OFCC1 gene,gene_or_genome,C1427245
SLC12A3 gene,gene_or_genome,C1420092
Coc,custom,N/A
Donor person,other,C0013018
Acceptor Atoms,custom,N/A
Lipinski’S Rule Of Five,custom,N/A
Generations,other,C0079411
Large-Scale Gpus,custom,N/A
Arachidonate 15-Lipoxygenase,chemical,C0003692
ALOX15B gene,gene_or_genome,C1412360
"15-hydroperoxy-5,8,11,13-eicosatetraenoic acid",protein,C0044880
atherosclerotic,other,C0333482
Shape-Based Matching,custom,N/A
Boat dock,other,C0442632
Ki Values,custom,N/A
Lipoxygenases,chemical,C2936592
arachidonic acid,other,C0003695
Arachidonate 5-Lipoxygenase,chemical,C0003693
Lipoxygenase,chemical,C0023837
12 R-Lipoxygenase,custom,N/A
ALOXE3 gene,gene_or_genome,C1422178
Leukotrienes,protein,C0023545
Lipoxins,protein,C0599689
macrophage,other,C0024432
Arteriosclerosis,disease,C0003850
arachidonate,protein,C0178485
Lit-04,custom,N/A
Lit-05,custom,N/A
Mixed-Type Inhibitor,custom,N/A
Coding,other,C0009219
2.44 Å,custom,N/A
Rocs,custom,N/A
Zinc-Curated Database,custom,N/A
Dissimilarity Filter,custom,N/A
Representative Compound,custom,N/A
Shape-Based Model,custom,N/A
C8E4,custom,N/A
Lit-01,custom,N/A
Goldscore,custom,N/A
2.63 Å,custom,N/A
2.07 Å,custom,N/A
2.79 Å,custom,N/A
3.63 Å,custom,N/A
4.56 Å,custom,N/A
Triton X-100,drug,C0146951
Lit-02,custom,N/A
V Max,custom,N/A
Catalan language,other,C0007366
Zinc-Curated,custom,N/A
K I Values,custom,N/A
"Calorimeters, Isothermal Titration",other,C3689480
BRD4 gene,gene_or_genome,C1422073
Libdock,custom,N/A
Cdocker,custom,N/A
PRB1 gene,gene_or_genome,C1418866
Ludi3,custom,N/A
Inhibition Constants,custom,N/A
Classical Scoring Functions,custom,N/A
2.0 Å,custom,N/A
65.8%,custom,N/A
86.3%,custom,N/A
Ligscore1,custom,N/A
Ligscore2,custom,N/A
PLP1 gene,gene_or_genome,C1418654
PLP2 gene,gene_or_genome,C1418655
Pmf04,custom,N/A
Ludi 3,custom,N/A
Graphpad Prism 9.3.0,custom,N/A
Pic50,custom,N/A
Pearson Correlation Coefficient,other,C0871052
Linear Regression,other,C0023733
Slope,other,C0807955
Point of Interception,other,C3146232
Standard Error,other,C1710181
Sp2 Hybridized Atoms,custom,N/A
Heavy Atoms,custom,N/A
Molecular Complexity,custom,N/A
Graphpad Prism,custom,N/A
F Statistic,custom,N/A
R2 Value,custom,N/A
Computer software,other,C0037585
Yf2,custom,N/A
Asn140,custom,N/A
Trp81,custom,N/A
Pro82,custom,N/A
Phe83,custom,N/A
Asp88,custom,N/A
Lys91,custom,N/A
Leu92,custom,N/A
Leu94,custom,N/A
Met149,custom,N/A
Pyridones,other,C0034260
Sulfonamides,drug,C0038760
0.30 Nm,custom,N/A
0.15 Nm,custom,N/A
0.225 Nm,custom,N/A
0.1901 Nm,custom,N/A
0.1896 Nm,custom,N/A
Structure-Activity Relationship,other,C0038477
Glucagon-Like Peptide-1 Receptor,other,C0378073
Glucagon-Like Peptide 1,chemical,C0061355
Obesity,disease,C0028754
Allosteric Modulator,protein,C4743782
Peptidomimetics,drug,C2936235
Coumarins,drug,C0010207
Diabetes Mellitus,disease,C0011849
Type 2,other,C0441730
T2Dm,custom,N/A
Insulin Resistance,pathologic_function,C0021655
Complication,pathologic_function,C0009566
Microvascular,other,C0443258
International,other,C1512888
Antidiabetics,drug,C0935929
Anti-Obesity Agents,drug,C0376607
Allosteric Site,other,C0002146
actin modulating activity,other,C1149251
Chemspider Nps,custom,N/A
Nanocurie,other,C0560007
Npatlas,custom,N/A
Rule Of 3,custom,N/A
Rule Of 5,custom,N/A
Logp,custom,N/A
H-Bond Acceptors,custom,N/A
Shapes,other,C0332479
Shape Similarity Index,custom,N/A
Mm-Gbsa,custom,N/A
van der Waals Attraction,other,C2346563
General Born Solvation,custom,N/A
Allosteric Binding Pocket,custom,N/A
Zygogynum pancheri,other,C1064333
Hieracium,other,C1047413
Pilosella,other,C1059006
Cichorium,other,C0331374
prasterone,drug,C0011185
Broussonetia,other,C1025862
Capitata,other,C3901013
Morus alba,other,C0553293
Hormone Therapy,therapeutic_proc,C0279025
Sophora,other,C0330796
Fruit,other,C0016767
Alkaloids,drug,C0002062
Steroids,drug,C0038317
Sesquiterpenes,other,C0036847
Macrolide Antibiotics,other,C0003240
Polyketides,drug,C3179052
"Indole derivatives, antipsychotic",drug,C3653426
Azines,custom,N/A
Azoles,other,C0004504
Sulfonamide Derivatives,custom,N/A
Caco-2 Cells,other,C0282560
1-(2-(4-aminophenyl)ethyl)-4-(3-trifluoromethylphenyl)piperazine,drug,C0135262
Cns-Targeting Therapies,custom,N/A
Intestines,other,C0021853
Metabolite Interaction,other,C1513162
CENTRAL NERVOUS SYSTEM DIAGNOSTIC RADIOPHARMACEUTICALS,other,C3540014
valclavam,other,C0631287
Cyclothiocurvularin B,custom,N/A
azidocillin,other,C0052772
ampicillin,other,C0002680
methampicillin,other,C0066082
Timocillin,custom,N/A
phenylpropanoid biosynthetic process,other,C1156966
serine,chemical,C0036720
Glu 138,custom,N/A
aspartic acid,chemical,C0004015
acetylcholine,drug,C0001041
acetylcholinesterase,chemical,C0001044
Trachyspermum ammi,other,C1093564
Anti-Ache,custom,N/A
Viridifloral,custom,N/A
Phenols,drug,C0031428
alpha-curcumene,drug,C0253914
Sterols,other,C0038323
Lipinski’S Rule,custom,N/A
In-Silico Tools,custom,N/A
tau Proteins,chemical,C0085401
Cholinergic Agents,drug,C0242893
Oxidative Stress,other,C0242606
Neuroinflammation,other,C5394393
TRx0237,drug,C4508754
Intravenous,other,C0348016
Microtubules,other,C0026046
Phosphoric Monoester Hydrolases,chemical,C0031678
Ammi,other,C0331049
Oral cavity,other,C0226896
Curcumene,custom,N/A
galantamine,drug,C0016967
3-Octanol,custom,N/A
Tyr72,custom,N/A
Asp74,custom,N/A
Tyr124,custom,N/A
Trp286,custom,N/A
Ser293,custom,N/A
Ligand-Enzyme Complexes,custom,N/A
1.776 Å,custom,N/A
1.562 Å,custom,N/A
1.339 Å,custom,N/A
1.471 Å,custom,N/A
Curcumune,custom,N/A
C4A gene,gene_or_genome,C1412999
Pyschological Bonding,other,C0028758
Vmd H-Bonding Analysis Tool,custom,N/A
Acceptor-Donor Distance,custom,N/A
Principal Component Analysis,other,C0429865
Eigenvectors,custom,N/A
Eigenvalue,other,C1880483
Spatial Covariance Matrix,custom,N/A
Dccm,custom,N/A
Correlation,other,C1707520
Anti-Correlated Motion,custom,N/A
Protein,custom,N/A
Mmpbsa.Py,custom,N/A
Computer program package,other,C1704709
Van Der Waals Energy,custom,N/A
Electrostatic Energy,custom,N/A
Rule-Of-Five,custom,N/A
Phase 2 Clinical Trials,other,C0282460
Hydrogen-Bond Acceptors,custom,N/A
Hydrogen-Bond Donors,custom,N/A
Rotatable Bonds,custom,N/A
Syndrome,disease,C0039082
Ventricular arrhythmia,disease,C0085612
Electrophilic Attack,custom,N/A
Nucleophilic Attack,custom,N/A
Analysis of substances,lab_procedure,C0002778
"Energy, Physics",other,C0542479
