equation_id,pmid,equation_index,display,equation_rep,equation_img
38598310_eq1,38598310,0,True,"$ k^{MS-TST}=\frac{k_{B}T}{h}\frac{Q^{MS,‡}}{Q_{R}^{MS}}e^{-V_{0}/(k_{B}T)} $",
38598310_eq2,38598310,1,True,$ k^{MS-VTST}=Γ_{0}^{CVT}\cdotκ_{0}^{SCT}\cdotk^{MS-TST}=γ_{0}^{CVT/SCT}\cdotk^{MS-TST} $,
38598310_eq3,38598310,2,True,$ φ=k_{[e]}^{MS-VTST}/k_{[f]}^{MS-VTST} $,
38598310_eq4,38598310,3,True,4,
38598310_eq5,38598310,4,True,$ Q^{[e]}=Q_{PreD}^{[e]}\cdotQ_{β-CD}^{[e]}\cdotf_{coup} $,
38598310_eq6,38598310,5,True,$ φ=φ_{γ_{0}}\cdotφ_{V_{0}}\cdotφ_{PreD}\cdotφ_{β-CD}\cdotφ_{coup} $,
38598310_eq7,38598310,6,True,$ φ_{PreD}=(\frac{Q_{PreD}^{[e]}}{Q^{[f]}})^{‡}\cdot(\frac{Q_{PreD}^{[e]}}{Q^{[f]}})_{R}^{-1} $,
38598310_eq8,38598310,7,True,$ φ_{β-CD}=\frac{(Q_{β-CD}^{[e]})^{‡}}{(Q_{β-CD}^{[e]})_{R}} $,
38598310_eq9,38598310,8,True,"$ k^{MS-TST}=\frac{k_{B}T}{h}\frac{Q^{MS,‡}}{Q_{R}^{MS}}e^{-V_{0}/(k_{B}T)} $",
38598310_eq10,38598310,9,True,$ k^{MS-VTST}=Γ_{0}^{CVT}\cdotκ_{0}^{SCT}\cdotk^{MS-TST}=γ_{0}^{CVT/SCT}\cdotk^{MS-TST} $,
38598310_eq11,38598310,10,True,$ φ=k_{[e]}^{MS-VTST}/k_{[f]}^{MS-VTST} $,
38598310_eq12,38598310,11,True,4,
38598310_eq13,38598310,12,True,$ Q^{[e]}=Q_{PreD}^{[e]}\cdotQ_{β-CD}^{[e]}\cdotf_{coup} $,
38598310_eq14,38598310,13,True,$ φ=φ_{γ_{0}}\cdotφ_{V_{0}}\cdotφ_{PreD}\cdotφ_{β-CD}\cdotφ_{coup} $,
38598310_eq15,38598310,14,True,$ φ_{PreD}=(\frac{Q_{PreD}^{[e]}}{Q^{[f]}})^{‡}\cdot(\frac{Q_{PreD}^{[e]}}{Q^{[f]}})_{R}^{-1} $,
38598310_eq16,38598310,15,True,$ φ_{β-CD}=\frac{(Q_{β-CD}^{[e]})^{‡}}{(Q_{β-CD}^{[e]})_{R}} $,
40919504_eq1,40919504,0,True,$ N⇌U $,
40919504_eq2,40919504,1,False,$ ΔG_{U}^{°′} $,
40919504_eq3,40919504,2,True,$ ΔG_{U}^{°′}=G_{U}^{°′}-G_{N}^{°′} $,
40919504_eq4,40919504,3,False,$ G_{U}^{°′} $,
40919504_eq5,40919504,4,False,$ G_{N}^{°′} $,
40919504_eq6,40919504,5,True,$ ΔG_{U}^{°′}=-RTln\frac{[U]}{[N]}=-RTlnK_{U} $,
40919504_eq7,40919504,6,False,$ R $,
40919504_eq8,40919504,7,False,$ T $,
40919504_eq9,40919504,8,False,$ K_{U} $,
40919504_eq10,40919504,9,False,$ ΔG_{U}^{°′} $,
40919504_eq11,40919504,10,False,$ ΔG_{U}^{°′} $,
40919504_eq12,40919504,11,False,$ K_{U} $,
40919504_eq13,40919504,12,False,$ k_{obs} $,
40919504_eq14,40919504,13,True,$ N-H(closed)\begin{matrix} k_{op} \\ ⇌ \\ k_{cl} \end{matrix}N-H(open)\begin{matrix} k_{int} \\ \to \\ \end{matrix}N-D(open)\begin{matrix} k_{cl} \\ ⇌ \\ k_{op} \end{matrix}N-D(closed)$,
40919504_eq15,40919504,14,False,$ k_{op} $,
40919504_eq16,40919504,15,False,$ k_{cl} $,
40919504_eq17,40919504,16,False,$ k_{int} $,
40919504_eq18,40919504,17,False,$ k_{int} $,
40919504_eq19,40919504,18,False,$ k_{obs} $,
40919504_eq20,40919504,19,False,$ k_{cl}≫k_{op} $,
40919504_eq21,40919504,20,False,$ k_{cl} $,
40919504_eq22,40919504,21,False,$ k_{obs}\approxk_{op} $,
40919504_eq23,40919504,22,False,$ k_{int} $,
40919504_eq24,40919504,23,False,$ k_{obs} $,
40919504_eq25,40919504,24,False,$ k_{int} $,
40919504_eq26,40919504,25,False,$ K_{op} $,
40919504_eq27,40919504,26,False,$ ΔG_{op}^{°′} $,
40919504_eq28,40919504,27,True,$ k_{obs}=\frac{k_{op}}{k_{cl}}k_{int}=K_{op}k_{int} $,
40919504_eq29,40919504,28,True,$ ΔG_{op}^{°′}=-RTlnK_{op}=-RTln\frac{k_{obs}}{k_{int}} $,
40919504_eq30,40919504,29,False,$ ΔG_{op}^{°′} $,
40919504_eq31,40919504,30,False,$ ΔG_{U}^{°′} $,
40919504_eq32,40919504,31,False,$ ΔG_{op}^{°′} $,
40919504_eq33,40919504,32,False,$ ΔG_{op}^{°′} $,
40919504_eq34,40919504,33,False,$ ΔH_{U}^{°′} $,
40919504_eq35,40919504,34,False,$ ΔG_{U}^{°′} $,
40919504_eq36,40919504,35,False,"$ ΔC_{p,U} $",
40919504_eq37,40919504,36,False,"$ ΔC_{p,U} $",
40919504_eq38,40919504,37,False,"$ ΔC_{p,U} $",
40919504_eq39,40919504,38,True,"$ ΔG_{U}^{°′}(T)=ΔH_{U,cal}^{°′}(1-\frac{T}{T_{m}})+ΔC_{p,U}[(T-T_{m})-Tln(\frac{T}{T_{m}})] $",
40919504_eq40,40919504,39,False,"$ ΔH_{U,cal}^{°′} $",
40919504_eq41,40919504,40,False,$ T_{m} $,
40919504_eq42,40919504,41,False,$ ΔG_{U}^{°′}=0 $,
40919504_eq43,40919504,42,False,"$ ΔS_{m}^{°′}=ΔH_{U,cal}^{°′}/T_{m} $",
40919504_eq44,40919504,43,False,"$ ΔH_{U,cal}^{°′} $",
40919504_eq45,40919504,44,False,"$ ΔH_{U,vH}^{°′})$",
40919504_eq46,40919504,45,False,$ ΔH_{cal}^{°′}/ΔH_{vH}^{°′} $,
40919504_eq47,40919504,46,False,$ ΔG_{op}^{°′} $,
40919504_eq48,40919504,47,False,$ ΔG_{U}^{°′} $,
40919504_eq49,40919504,48,False,$ ΔG_{op}^{°′} $,
40919504_eq50,40919504,49,False,$ ΔG_{U}^{°′} $,
40919504_eq51,40919504,50,False,$ k_{cl}≫k_{op} $,
40919504_eq52,40919504,51,False,$ k_{cl}≫k_{int} $,
40919504_eq53,40919504,52,False,$ ΔG_{op}^{°′} $,
40919504_eq54,40919504,53,False,$ ΔG_{U}^{°′} $,
40919504_eq55,40919504,54,False,$ ΔG_{op}^{°′} $,
40919504_eq56,40919504,55,False,$ ΔG_{U}^{°′} $,
40919504_eq57,40919504,56,False,$ ΔG_{op}^{°′} $,
40919504_eq58,40919504,57,False,$ ΔG_{U}^{°′} $,
40919504_eq59,40919504,58,False,$ ΔG_{op}^{°′} $,
40919504_eq60,40919504,59,False,$ ΔG_{U}^{°′} $,
40919504_eq61,40919504,60,False,$ ΔG_{U}^{°′} $,
40919504_eq62,40919504,61,False,$ ΔH_{op}^{°′} $,
40919504_eq63,40919504,62,False,$ -RlnK_{op} $,
40919504_eq64,40919504,63,False,$ 1/T $,
40919504_eq65,40919504,64,True,$ ΔG_{op}^{°′}=ΔH_{op}^{°′}-TΔS_{op}^{°′} $,
40919504_eq66,40919504,65,False,$ N⇌U $,
40919504_eq67,40919504,66,False,$ k_{int} $,
40919504_eq68,40919504,67,False,$ ΔG_{op}^{°′} $,
40919504_eq69,40919504,68,False,$ ΔH_{op}^{°′} $,
40919504_eq70,40919504,69,True,$ N⇌U $,
40919504_eq71,40919504,70,False,$ ΔG_{U}^{°′} $,
40919504_eq72,40919504,71,True,$ ΔG_{U}^{°′}=G_{U}^{°′}-G_{N}^{°′} $,
40919504_eq73,40919504,72,False,$ G_{U}^{°′} $,
40919504_eq74,40919504,73,False,$ G_{N}^{°′} $,
40919504_eq75,40919504,74,True,$ ΔG_{U}^{°′}=-RTln\frac{[U]}{[N]}=-RTlnK_{U} $,
40919504_eq76,40919504,75,False,$ R $,
40919504_eq77,40919504,76,False,$ T $,
40919504_eq78,40919504,77,False,$ K_{U} $,
40919504_eq79,40919504,78,False,$ ΔG_{U}^{°′} $,
40919504_eq80,40919504,79,False,$ ΔG_{U}^{°′} $,
40919504_eq81,40919504,80,False,$ K_{U} $,
40919504_eq82,40919504,81,False,$ k_{obs} $,
40919504_eq83,40919504,82,True,$ N-H(closed)\begin{matrix} k_{op} \\ ⇌ \\ k_{cl} \end{matrix}N-H(open)\begin{matrix} k_{int} \\ \to \\ \end{matrix}N-D(open)\begin{matrix} k_{cl} \\ ⇌ \\ k_{op} \end{matrix}N-D(closed)$,
40919504_eq84,40919504,83,False,$ k_{op} $,
40919504_eq85,40919504,84,False,$ k_{cl} $,
40919504_eq86,40919504,85,False,$ k_{int} $,
40919504_eq87,40919504,86,False,$ k_{int} $,
40919504_eq88,40919504,87,False,$ k_{obs} $,
40919504_eq89,40919504,88,False,$ k_{cl}≫k_{op} $,
40919504_eq90,40919504,89,False,$ k_{cl} $,
40919504_eq91,40919504,90,False,$ k_{obs}\approxk_{op} $,
40919504_eq92,40919504,91,False,$ k_{int} $,
40919504_eq93,40919504,92,False,$ k_{obs} $,
40919504_eq94,40919504,93,False,$ k_{int} $,
40919504_eq95,40919504,94,False,$ K_{op} $,
40919504_eq96,40919504,95,False,$ ΔG_{op}^{°′} $,
40919504_eq97,40919504,96,True,$ k_{obs}=\frac{k_{op}}{k_{cl}}k_{int}=K_{op}k_{int} $,
40919504_eq98,40919504,97,True,$ ΔG_{op}^{°′}=-RTlnK_{op}=-RTln\frac{k_{obs}}{k_{int}} $,
40919504_eq99,40919504,98,False,$ ΔG_{op}^{°′} $,
40919504_eq100,40919504,99,False,$ ΔG_{U}^{°′} $,
40919504_eq101,40919504,100,False,$ ΔG_{op}^{°′} $,
40919504_eq102,40919504,101,False,$ ΔG_{op}^{°′} $,
40919504_eq103,40919504,102,False,$ ΔH_{U}^{°′} $,
40919504_eq104,40919504,103,False,$ ΔG_{U}^{°′} $,
40919504_eq105,40919504,104,False,"$ ΔC_{p,U} $",
40919504_eq106,40919504,105,False,"$ ΔC_{p,U} $",
40919504_eq107,40919504,106,False,"$ ΔC_{p,U} $",
40919504_eq108,40919504,107,True,"$ ΔG_{U}^{°′}(T)=ΔH_{U,cal}^{°′}(1-\frac{T}{T_{m}})+ΔC_{p,U}[(T-T_{m})-Tln(\frac{T}{T_{m}})] $",
40919504_eq109,40919504,108,False,"$ ΔH_{U,cal}^{°′} $",
40919504_eq110,40919504,109,False,$ T_{m} $,
40919504_eq111,40919504,110,False,$ ΔG_{U}^{°′}=0 $,
40919504_eq112,40919504,111,False,"$ ΔS_{m}^{°′}=ΔH_{U,cal}^{°′}/T_{m} $",
40919504_eq113,40919504,112,False,"$ ΔH_{U,cal}^{°′} $",
40919504_eq114,40919504,113,False,"$ ΔH_{U,vH}^{°′})$",
40919504_eq115,40919504,114,False,$ ΔH_{cal}^{°′}/ΔH_{vH}^{°′} $,
40919504_eq116,40919504,115,False,$ ΔG_{op}^{°′} $,
40919504_eq117,40919504,116,False,$ ΔG_{U}^{°′} $,
40919504_eq118,40919504,117,False,$ ΔG_{op}^{°′} $,
40919504_eq119,40919504,118,False,$ ΔG_{U}^{°′} $,
40919504_eq120,40919504,119,False,$ k_{cl}≫k_{op} $,
40919504_eq121,40919504,120,False,$ k_{cl}≫k_{int} $,
40919504_eq122,40919504,121,False,$ ΔG_{op}^{°′} $,
40919504_eq123,40919504,122,False,$ ΔG_{U}^{°′} $,
40919504_eq124,40919504,123,False,$ ΔG_{op}^{°′} $,
40919504_eq125,40919504,124,False,$ ΔG_{U}^{°′} $,
40919504_eq126,40919504,125,False,$ ΔG_{op}^{°′} $,
40919504_eq127,40919504,126,False,$ ΔG_{U}^{°′} $,
40919504_eq128,40919504,127,False,$ ΔG_{op}^{°′} $,
40919504_eq129,40919504,128,False,$ ΔG_{U}^{°′} $,
40919504_eq130,40919504,129,False,$ ΔG_{U}^{°′} $,
40919504_eq131,40919504,130,False,$ ΔH_{op}^{°′} $,
40919504_eq132,40919504,131,False,$ -RlnK_{op} $,
40919504_eq133,40919504,132,False,$ 1/T $,
40919504_eq134,40919504,133,True,$ ΔG_{op}^{°′}=ΔH_{op}^{°′}-TΔS_{op}^{°′} $,
40919504_eq135,40919504,134,False,$ N⇌U $,
40919504_eq136,40919504,135,False,$ k_{int} $,
40919504_eq137,40919504,136,False,$ ΔG_{op}^{°′} $,
40919504_eq138,40919504,137,False,$ ΔH_{op}^{°′} $,
39742998_eq1,39742998,0,False,$ ∇^{2}ρ(r)$,
39742998_eq2,39742998,1,False,$ ∇^{2}ρ(r)$,
39742998_eq3,39742998,2,False,$ ∇^{2}ρ(r)$,
39742998_eq4,39742998,3,False,$ ∇^{2}ρ(r)$,
39742998_eq5,39742998,4,False,$ ∇^{2}ρ(r)$,
39742998_eq6,39742998,5,False,$ ∇^{2}ρ(r)$,
39793047_eq1,39793047,0,True,$ Y=\frac{[P_{tot}]+[L_{tot}]+K_{D}-\sqrt{([P_{tot}]+[L_{tot}]+K_{D})^{2}-4[P_{tot}][L_{tot}]}}{2[P_{tot}]}. $,
39793047_eq2,39793047,1,False,$ %bound=100\times\frac{B_{max}[TRAP]}{K_{D}+[TRAP]} $,
39793047_eq3,39793047,2,True,$ Y=\frac{[P_{tot}]+[L_{tot}]+K_{D}-\sqrt{([P_{tot}]+[L_{tot}]+K_{D})^{2}-4[P_{tot}][L_{tot}]}}{2[P_{tot}]}. $,
39793047_eq4,39793047,3,False,$ %bound=100\times\frac{B_{max}[TRAP]}{K_{D}+[TRAP]} $,
39744096_eq1,39744096,0,True,$ ℒ_{MLM}=E_{x~X}E_{M}\sumi∈M-logp(x_{i}|x_{/M}). $,
39744096_eq2,39744096,1,True,"$ ℒ_{GPT}=-\sumi=1n-1logp(s_{i+1}|s_{1:i};θ), $",
39744096_eq3,39744096,2,True,$ H_{i}=Encoder(s_{i:n};θ_{encode})$,
39744096_eq4,39744096,3,True,"$ p(s_{j}|s_{1:j-1},H)=Decoder(s_{1:j-1},H;θ_{decode}). $",
39744096_eq5,39744096,4,True,"$ H_{i}^{(l+1)}=γ(H^{(l)},⊕_{V_{j}∈N(i)}ϕ(H_{i}^{(l)},H_{j}^{(l)},A_{ji})), $",
39744096_eq6,39744096,5,True,"$ O(i,j,k)=\summ=0M-1\sumn=0N-1\sump=0P-1M(i+m,j+n,k+p)K(m,n,p). $",
39744096_eq7,39744096,6,True,$ ℒ_{MLM}=E_{x~X}E_{M}\sumi∈M-logp(x_{i}|x_{/M}). $,
39744096_eq8,39744096,7,True,"$ ℒ_{GPT}=-\sumi=1n-1logp(s_{i+1}|s_{1:i};θ), $",
39744096_eq9,39744096,8,True,$ H_{i}=Encoder(s_{i:n};θ_{encode})$,
39744096_eq10,39744096,9,True,"$ p(s_{j}|s_{1:j-1},H)=Decoder(s_{1:j-1},H;θ_{decode}). $",
39744096_eq11,39744096,10,True,"$ H_{i}^{(l+1)}=γ(H^{(l)},⊕_{V_{j}∈N(i)}ϕ(H_{i}^{(l)},H_{j}^{(l)},A_{ji})), $",
39744096_eq12,39744096,11,True,"$ O(i,j,k)=\summ=0M-1\sumn=0N-1\sump=0P-1M(i+m,j+n,k+p)K(m,n,p). $",
39795912_eq1,39795912,0,False,$ G_{N-D}^{0} $,
39795912_eq2,39795912,1,False,$ G_{A-D}^{0} $,
39795912_eq3,39795912,2,False,$ M_{s}^{max} $,
39795912_eq4,39795912,3,False,$ M_{s}^{max} $,
39795912_eq5,39795912,4,False,$ G_{A-N}^{0} $,
39795912_eq6,39795912,5,False,$ G_{A-N}^{0} $,
39795912_eq7,39795912,6,False,$ G_{A-N}^{0} $,
39795912_eq8,39795912,7,False,$ G_{D-N}^{0} $,
39795912_eq9,39795912,8,False,$ G_{A-D}^{0} $,
39795912_eq10,39795912,9,False,$ G_{A-N}^{0} $,
39795912_eq11,39795912,10,False,$ G_{D-N}^{0} $,
39795912_eq12,39795912,11,False,$ G_{A-D}^{0} $,
39795912_eq13,39795912,12,False,$ G_{A-N}^{0} $,
39795912_eq14,39795912,13,False,$ G_{D-N}^{0} $,
39795912_eq15,39795912,14,False,$ G_{A-D}^{0} $,
39795912_eq16,39795912,15,False,$ G_{A-D}^{0} $,
39795912_eq17,39795912,16,False,$ G_{A-N}^{0} $,
39795912_eq18,39795912,17,False,$ G_{A-D}^{0} $,
39795912_eq19,39795912,18,False,$ G_{N-D}^{0} $,
39795912_eq20,39795912,19,False,$ G_{A-D}^{0} $,
39795912_eq21,39795912,20,False,$ M_{s}^{max} $,
39795912_eq22,39795912,21,False,$ M_{s}^{max} $,
39795912_eq23,39795912,22,False,$ G_{A-N}^{0} $,
39795912_eq24,39795912,23,False,$ G_{A-N}^{0} $,
39795912_eq25,39795912,24,False,$ G_{A-N}^{0} $,
39795912_eq26,39795912,25,False,$ G_{D-N}^{0} $,
39795912_eq27,39795912,26,False,$ G_{A-D}^{0} $,
39795912_eq28,39795912,27,False,$ G_{A-N}^{0} $,
39795912_eq29,39795912,28,False,$ G_{D-N}^{0} $,
39795912_eq30,39795912,29,False,$ G_{A-D}^{0} $,
39795912_eq31,39795912,30,False,$ G_{A-N}^{0} $,
39795912_eq32,39795912,31,False,$ G_{D-N}^{0} $,
39795912_eq33,39795912,32,False,$ G_{A-D}^{0} $,
39795912_eq34,39795912,33,False,$ G_{A-D}^{0} $,
39795912_eq35,39795912,34,False,$ G_{A-N}^{0} $,
39795912_eq36,39795912,35,False,$ G_{A-D}^{0} $,
39764114_eq1,39764114,0,False,$(T_{m})$,
39764114_eq2,39764114,1,False,$(D_{1/2})$,
39764114_eq3,39764114,2,False,$(ΔG)$,
39764114_eq4,39764114,3,False,$ PMF=-k_{B}TlnP(R_{PMF})$,
39764114_eq5,39764114,4,False,$ k_{B} $,
39764114_eq6,39764114,5,False,$ R_{PMF} $,
39764114_eq7,39764114,6,False,$ R_{g} $,
39764114_eq8,39764114,7,False,$ P(R_{PMF})$,
39764114_eq9,39764114,8,False,$ Tm $,
39764114_eq10,39764114,9,True,$ fluorescence(x)=\frac{Y_{n}+Y_{d}∗exp(\frac{ΔH_{app}}{R}∗(\frac{1}{T_{m}}-\frac{1}{x}))}{1+exp(\frac{ΔH_{app}}{R}∗(\frac{1}{T_{m}}-\frac{1}{x}))} $,
39764114_eq11,39764114,10,False,$ ΔH_{app} $,
39764114_eq12,39764114,11,False,$ T_{m} $,
39764114_eq13,39764114,12,False,$ Y_{n} $,
39764114_eq14,39764114,13,False,$ Y_{d} $,
39764114_eq15,39764114,14,True,"$ fluorescence(x)=\frac{Y_{n}+Y_{d}∗exp(-\frac{ΔG_{app}-m∗x}{R\cdotT})}{1+exp(-\frac{ΔG_{app}-m∗x}{R\cdotT})}, $",
39764114_eq16,39764114,15,False,$ ΔG_{app} $,
39764114_eq17,39764114,16,False,$ m $,
39764114_eq18,39764114,17,False,$(ΔΔG_{PT})$,
39764114_eq19,39764114,18,False,$ ΔT_{m} $,
39764114_eq20,39764114,19,True,$ ΔΔG_{rexDMD}\approxΔH_{m}(\frac{ΔT_{m}}{T_{m}})$,
39764114_eq21,39764114,20,True,"$ andforthermaldenaturation(TD),ΔΔG_{TD}\approxΔH_{m}(\frac{ΔT_{m}}{T_{m}})$",
39764114_eq22,39764114,21,False,$ ΔH_{m} $,
39764114_eq23,39764114,22,False,$ T_{m} $,
39764114_eq24,39764114,23,False,$(ΔD_{1/2})$,
39764114_eq25,39764114,24,True,$ ΔΔG_{CD}\approxm\timesΔD_{1/2} $,
39764114_eq26,39764114,25,False,$ m $,
39764114_eq27,39764114,26,False,$ D_{1/2} $,
39764114_eq28,39764114,27,False,$ ΔΔG $,
39764114_eq29,39764114,28,True,$ OverallImpact=\frac{|ΔΔG_{PT}|+|ΔΔG_{rexDMD}|+|ΔΔG_{TD}|+|ΔΔG_{CD}|}{scalingfactor} $,
39764114_eq30,39764114,29,False,$(ΔΔG)$,
39764114_eq31,39764114,30,False,$(ΔΔG=ΔGWT-ΔGMUT)$,
39764114_eq32,39764114,31,False,$(C_{v})$,
39764114_eq33,39764114,32,False,$(R_{g})$,
39764114_eq34,39764114,33,False,$ C_{v} $,
39764114_eq35,39764114,34,False,$ R_{g} $,
39764114_eq36,39764114,35,False,$ C_{v} $,
39764114_eq37,39764114,36,False,"$(ΔT_{m}=T_{m,WT}-T_{m,MUTANT})$",
39764114_eq38,39764114,37,False,$ α $,
39764114_eq39,39764114,38,False,$(R_{g})$,
39764114_eq40,39764114,39,False,$ α $,
39764114_eq41,39764114,40,False,$ R_{g} $,
39764114_eq42,39764114,41,False,$ α $,
39764114_eq43,39764114,42,False,$ α $,
39764114_eq44,39764114,43,False,$ R_{g} $,
39764114_eq45,39764114,44,False,$ R_{g} $,
39764114_eq46,39764114,45,False,$ α $,
39764114_eq47,39764114,46,False,$ R_{g} $,
39764114_eq48,39764114,47,False,"$(T_{m,app})$",
39764114_eq49,39764114,48,False,"$(ΔT_{m}=T_{m,WT}-T_{m,MUT})$",
39764114_eq50,39764114,49,False,"$ T_{m,app} $",
39764114_eq51,39764114,50,False,"$ T_{m,app} $",
39764114_eq52,39764114,51,False,$ ΔT_{m} $,
39764114_eq53,39764114,52,False,$ D_{1/2} $,
39764114_eq54,39764114,53,False,$ ΔD_{1/2}=D_{1/2unfolding}-D_{1/2refolding} $,
39764114_eq55,39764114,54,False,$ ΔD_{1/2} $,
39764114_eq56,39764114,55,False,$ ΔD_{1/2} $,
39764114_eq57,39764114,56,False,"$ ΔΔD_{1/2}=ΔD_{1/2,WT}-ΔD_{1/2,mutant} $",
39764114_eq58,39764114,57,False,$ ΔΔD_{1/2} $,
39764114_eq59,39764114,58,False,$ ΔD_{1/2} $,
39764114_eq60,39764114,59,False,$ ΔΔD_{1/2} $,
39764114_eq61,39764114,60,False,$ α $,
39764114_eq62,39764114,61,False,$ α $,
39764114_eq63,39764114,62,False,$(T_{m})$,
39764114_eq64,39764114,63,False,$(D_{1/2})$,
39764114_eq65,39764114,64,False,$(ΔG)$,
39764114_eq66,39764114,65,False,$ PMF=-k_{B}TlnP(R_{PMF})$,
39764114_eq67,39764114,66,False,$ k_{B} $,
39764114_eq68,39764114,67,False,$ R_{PMF} $,
39764114_eq69,39764114,68,False,$ R_{g} $,
39764114_eq70,39764114,69,False,$ P(R_{PMF})$,
39764114_eq71,39764114,70,False,$ Tm $,
39764114_eq72,39764114,71,True,$ fluorescence(x)=\frac{Y_{n}+Y_{d}∗exp(\frac{ΔH_{app}}{R}∗(\frac{1}{T_{m}}-\frac{1}{x}))}{1+exp(\frac{ΔH_{app}}{R}∗(\frac{1}{T_{m}}-\frac{1}{x}))} $,
39764114_eq73,39764114,72,False,$ ΔH_{app} $,
39764114_eq74,39764114,73,False,$ T_{m} $,
39764114_eq75,39764114,74,False,$ Y_{n} $,
39764114_eq76,39764114,75,False,$ Y_{d} $,
39764114_eq77,39764114,76,True,"$ fluorescence(x)=\frac{Y_{n}+Y_{d}∗exp(-\frac{ΔG_{app}-m∗x}{R\cdotT})}{1+exp(-\frac{ΔG_{app}-m∗x}{R\cdotT})}, $",
39764114_eq78,39764114,77,False,$ ΔG_{app} $,
39764114_eq79,39764114,78,False,$ m $,
39764114_eq80,39764114,79,False,$(ΔΔG_{PT})$,
39764114_eq81,39764114,80,False,$ ΔT_{m} $,
39764114_eq82,39764114,81,True,$ ΔΔG_{rexDMD}\approxΔH_{m}(\frac{ΔT_{m}}{T_{m}})$,
39764114_eq83,39764114,82,True,"$ andforthermaldenaturation(TD),ΔΔG_{TD}\approxΔH_{m}(\frac{ΔT_{m}}{T_{m}})$",
39764114_eq84,39764114,83,False,$ ΔH_{m} $,
39764114_eq85,39764114,84,False,$ T_{m} $,
39764114_eq86,39764114,85,False,$(ΔD_{1/2})$,
39764114_eq87,39764114,86,True,$ ΔΔG_{CD}\approxm\timesΔD_{1/2} $,
39764114_eq88,39764114,87,False,$ m $,
39764114_eq89,39764114,88,False,$ D_{1/2} $,
39764114_eq90,39764114,89,False,$ ΔΔG $,
39764114_eq91,39764114,90,True,$ OverallImpact=\frac{|ΔΔG_{PT}|+|ΔΔG_{rexDMD}|+|ΔΔG_{TD}|+|ΔΔG_{CD}|}{scalingfactor} $,
39764114_eq92,39764114,91,False,$(ΔΔG)$,
39764114_eq93,39764114,92,False,$(ΔΔG=ΔGWT-ΔGMUT)$,
39764114_eq94,39764114,93,False,$(C_{v})$,
39764114_eq95,39764114,94,False,$(R_{g})$,
39764114_eq96,39764114,95,False,$ C_{v} $,
39764114_eq97,39764114,96,False,$ R_{g} $,
39764114_eq98,39764114,97,False,$ C_{v} $,
39764114_eq99,39764114,98,False,"$(ΔT_{m}=T_{m,WT}-T_{m,MUTANT})$",
39764114_eq100,39764114,99,False,$ α $,
39764114_eq101,39764114,100,False,$(R_{g})$,
39764114_eq102,39764114,101,False,$ α $,
39764114_eq103,39764114,102,False,$ R_{g} $,
39764114_eq104,39764114,103,False,$ α $,
39764114_eq105,39764114,104,False,$ α $,
39764114_eq106,39764114,105,False,$ R_{g} $,
39764114_eq107,39764114,106,False,$ R_{g} $,
39764114_eq108,39764114,107,False,$ α $,
39764114_eq109,39764114,108,False,$ R_{g} $,
39764114_eq110,39764114,109,False,"$(T_{m,app})$",
39764114_eq111,39764114,110,False,"$(ΔT_{m}=T_{m,WT}-T_{m,MUT})$",
39764114_eq112,39764114,111,False,"$ T_{m,app} $",
39764114_eq113,39764114,112,False,"$ T_{m,app} $",
39764114_eq114,39764114,113,False,$ ΔT_{m} $,
39764114_eq115,39764114,114,False,$ D_{1/2} $,
39764114_eq116,39764114,115,False,$ ΔD_{1/2}=D_{1/2unfolding}-D_{1/2refolding} $,
39764114_eq117,39764114,116,False,$ ΔD_{1/2} $,
39764114_eq118,39764114,117,False,$ ΔD_{1/2} $,
39764114_eq119,39764114,118,False,"$ ΔΔD_{1/2}=ΔD_{1/2,WT}-ΔD_{1/2,mutant} $",
39764114_eq120,39764114,119,False,$ ΔΔD_{1/2} $,
39764114_eq121,39764114,120,False,$ ΔD_{1/2} $,
39764114_eq122,39764114,121,False,$ ΔΔD_{1/2} $,
39764114_eq123,39764114,122,False,$ α $,
39764114_eq124,39764114,123,False,$ α $,
39700257_eq1,39700257,0,True,$ \begin{matrix} selectionchance={\begin{matrix} basechance & iffitnesspercentile<fitnessthreshold \\ 1 & iffitnesspercentile\gefitnessthreshold \end{matrix} \end{matrix} $,
39700257_eq2,39700257,1,True,$ \begin{matrix} fitnessthreshold=\frac{1-selectedfraction}{1-basechance} \end{matrix} $,
39700257_eq3,39700257,2,False,$ F:A^{N}\toR $,
39700257_eq4,39700257,3,False,"$ N(0,1)$",
39700257_eq5,39700257,4,False,"$ X_{i_{0},i_{1},i_{2}...,i_{K}}^{a} $",
39700257_eq6,39700257,5,True,"$ \begin{matrix} F(g)=\suma=1NX_{g[a],g[L(a,1)],g[L(a,2)],...,g[L(a,K)]}^{a} \end{matrix} $",
39700257_eq7,39700257,6,False,"$ X_{i_{0},i_{1},i_{2}...,i_{K}}^{a} $",
39700257_eq8,39700257,7,False,"$ N(0,noise^{2})$",
39700257_eq9,39700257,8,True,$ \begin{matrix} selectionchance={\begin{matrix} basechance & iffitnesspercentile<fitnessthreshold \\ 1 & iffitnesspercentile\gefitnessthreshold \end{matrix} \end{matrix} $,
39700257_eq10,39700257,9,True,$ \begin{matrix} fitnessthreshold=\frac{1-selectedfraction}{1-basechance} \end{matrix} $,
39700257_eq11,39700257,10,False,$ F:A^{N}\toR $,
39700257_eq12,39700257,11,False,"$ N(0,1)$",
39700257_eq13,39700257,12,False,"$ X_{i_{0},i_{1},i_{2}...,i_{K}}^{a} $",
39700257_eq14,39700257,13,True,"$ \begin{matrix} F(g)=\suma=1NX_{g[a],g[L(a,1)],g[L(a,2)],...,g[L(a,K)]}^{a} \end{matrix} $",
39700257_eq15,39700257,14,False,"$ X_{i_{0},i_{1},i_{2}...,i_{K}}^{a} $",
39700257_eq16,39700257,15,False,"$ N(0,noise^{2})$",
39868219_eq1,39868219,0,False,$(T_{m})$,
39868219_eq2,39868219,1,False,$ T_{m} $,
39868219_eq3,39868219,2,False,$ T_{m}=86.8°C $,
39868219_eq4,39868219,3,False,"$(c_{m},=2.03M)$",
39868219_eq5,39868219,4,False,$(c_{m}=1.99M)$,
39868219_eq6,39868219,5,False,$(T_{m})$,
39868219_eq7,39868219,6,False,$ c_{m} $,
39868219_eq8,39868219,7,True,$ F=F_{U}+(F_{N}-F_{U})^{∗}(1-e^{-k^{∗}t})$,
39868219_eq9,39868219,8,False,$ F_{U} $,
39868219_eq10,39868219,9,False,$ F_{N} $,
39868219_eq11,39868219,10,False,$ k $,
39868219_eq12,39868219,11,False,$ t $,
39868219_eq13,39868219,12,True,$ F=F_{U}+(F_{N}-F_{U})(P_{fast}^{∗}(1-e^{-kfast^{∗}t})+P_{slow}^{∗}(1-e^{-kslow^{∗}t}))$,
39868219_eq14,39868219,13,False,$ P_{fast} $,
39868219_eq15,39868219,14,False,$ P_{slow} $,
39868219_eq16,39868219,15,False,$ k_{fast} $,
39868219_eq17,39868219,16,False,$ k_{slow} $,
39868219_eq18,39868219,17,True,$ F=F_{U}+(F_{N}-F_{U})/(1+10^{(Cm-[GdmCI])^{∗}slope})$,
39868219_eq19,39868219,18,False,$ c_{m} $,
39868219_eq20,39868219,19,False,$ c_{m} $,
39868219_eq21,39868219,20,False,$(T_{m})$,
39868219_eq22,39868219,21,True,$ F=F_{U}+(F_{I}-F_{U})/(1+10^{(Cm1-[GdmCI])^{∗}slope1})+(F_{N}-F_{I})/(1+10^{(Cm2-[GdmCI])^{∗}slope2})$,
39868219_eq23,39868219,22,False,$ F_{I} $,
39868219_eq24,39868219,23,False,$ c_{m1} $,
39868219_eq25,39868219,24,False,$ c_{m2} $,
39868219_eq26,39868219,25,True,$ Fraction native=(F-F_{U})/(F_{N}-F_{U})$,
39868219_eq27,39868219,26,False,$(T_{m})$,
39868219_eq28,39868219,27,False,$ T_{m} $,
39868219_eq29,39868219,28,False,$ T_{m}=86.8°C $,
39868219_eq30,39868219,29,False,"$(c_{m},=2.03M)$",
39868219_eq31,39868219,30,False,$(c_{m}=1.99M)$,
39868219_eq32,39868219,31,False,$(T_{m})$,
39868219_eq33,39868219,32,False,$ c_{m} $,
39868219_eq34,39868219,33,True,$ F=F_{U}+(F_{N}-F_{U})^{∗}(1-e^{-k^{∗}t})$,
39868219_eq35,39868219,34,False,$ F_{U} $,
39868219_eq36,39868219,35,False,$ F_{N} $,
39868219_eq37,39868219,36,False,$ k $,
39868219_eq38,39868219,37,False,$ t $,
39868219_eq39,39868219,38,True,$ F=F_{U}+(F_{N}-F_{U})(P_{fast}^{∗}(1-e^{-kfast^{∗}t})+P_{slow}^{∗}(1-e^{-kslow^{∗}t}))$,
39868219_eq40,39868219,39,False,$ P_{fast} $,
39868219_eq41,39868219,40,False,$ P_{slow} $,
39868219_eq42,39868219,41,False,$ k_{fast} $,
39868219_eq43,39868219,42,False,$ k_{slow} $,
39868219_eq44,39868219,43,True,$ F=F_{U}+(F_{N}-F_{U})/(1+10^{(Cm-[GdmCI])^{∗}slope})$,
39868219_eq45,39868219,44,False,$ c_{m} $,
39868219_eq46,39868219,45,False,$ c_{m} $,
39868219_eq47,39868219,46,False,$(T_{m})$,
39868219_eq48,39868219,47,True,$ F=F_{U}+(F_{I}-F_{U})/(1+10^{(Cm1-[GdmCI])^{∗}slope1})+(F_{N}-F_{I})/(1+10^{(Cm2-[GdmCI])^{∗}slope2})$,
39868219_eq49,39868219,48,False,$ F_{I} $,
39868219_eq50,39868219,49,False,$ c_{m1} $,
39868219_eq51,39868219,50,False,$ c_{m2} $,
39868219_eq52,39868219,51,True,$ Fraction native=(F-F_{U})/(F_{N}-F_{U})$,
41189730_eq1,41189730,0,True,$ \begin{matrix} EE(%)& = & \frac{Initialamountofagent-Amountofagentinthesupernatant}{Initialamountofagent} \\ & & \times100 \end{matrix} $,
41189730_eq2,41189730,1,True,$ \begin{matrix} & & LC(μg/mg)= \\ & & \frac{Initialamountofagent-Amountofagentinthesupernatant}{Totalamountofpolymer} \end{matrix} $,
41189730_eq3,41189730,2,True,$ \begin{matrix} EE(%)& = & \frac{Initialamountofagent-Amountofagentinthesupernatant}{Initialamountofagent} \\ & & \times100 \end{matrix} $,
41189730_eq4,41189730,3,True,$ \begin{matrix} & & LC(μg/mg)= \\ & & \frac{Initialamountofagent-Amountofagentinthesupernatant}{Totalamountofpolymer} \end{matrix} $,
41169943_eq1,41169943,0,True,Q（%）＝（OD treated－OD control）/ OD control × 100%.,
41169943_eq2,41169943,1,True,Q（%）＝（OD treated－OD control）/ OD control × 100%.,
41035572_eq1,41035572,0,True,$ log2FC=\frac{Mean(Gene^{′}sTPMvaluesamongDoubleGroupPatients)}{Mean(Gene^{′}sTPMvaluesamongSingleGroupPatients)} $,
41035572_eq2,41035572,1,False,$ |log2FC|>0.5 $,
41035572_eq3,41035572,2,True,$ Z=\frac{TPMvalueofGene-μ}{σ} $,
41035572_eq4,41035572,3,False,$ σ $,
41035572_eq5,41035572,4,True,$ propensity(i)=\frac{xi/Ni}{X/N} $,
41035572_eq6,41035572,5,False,$ x_{i} $,
41035572_eq7,41035572,6,False,"$ i,N_{i} $",
41035572_eq8,41035572,7,False,"$ i,X $",
41035572_eq9,41035572,8,False,$ v∈V $,
41035572_eq10,41035572,9,False,$ e∈E $,
41035572_eq11,41035572,10,False,$ S⊆V $,
41035572_eq12,41035572,11,True,$ log2FC=\frac{Mean(Gene^{′}sTPMvaluesamongDoubleGroupPatients)}{Mean(Gene^{′}sTPMvaluesamongSingleGroupPatients)} $,
41035572_eq13,41035572,12,False,$ |log2FC|>0.5 $,
41035572_eq14,41035572,13,True,$ Z=\frac{TPMvalueofGene-μ}{σ} $,
41035572_eq15,41035572,14,False,$ σ $,
41035572_eq16,41035572,15,True,$ propensity(i)=\frac{xi/Ni}{X/N} $,
41035572_eq17,41035572,16,False,$ x_{i} $,
41035572_eq18,41035572,17,False,"$ i,N_{i} $",
41035572_eq19,41035572,18,False,"$ i,X $",
41035572_eq20,41035572,19,False,$ v∈V $,
41035572_eq21,41035572,20,False,$ e∈E $,
41035572_eq22,41035572,21,False,$ S⊆V $,
38437501_eq1,38437501,0,True,$ FW=\frac{[X_{i}(1)-X_{i}(2)]^{2}}{[S_{i}^{2}(1)+S_{i}^{2}(2)]} $,
38437501_eq2,38437501,1,True,$ MCC=\frac{TP\timesTN-FP\timesFN}{\sqrt{(TP+FP)(TP+FN)(TN+FP)(TN+FN)}} $,
38437501_eq3,38437501,2,True,$ F1‐score=\frac{2TP}{2TP-FP-FN} $,
38437501_eq4,38437501,3,True,$ FW=\frac{[X_{i}(1)-X_{i}(2)]^{2}}{[S_{i}^{2}(1)+S_{i}^{2}(2)]} $,
38437501_eq5,38437501,4,True,$ MCC=\frac{TP\timesTN-FP\timesFN}{\sqrt{(TP+FP)(TP+FN)(TN+FP)(TN+FN)}} $,
38437501_eq6,38437501,5,True,$ F1‐score=\frac{2TP}{2TP-FP-FN} $,
39850657_eq1,39850657,0,True,$ relPos(aa)=\frac{aa^{n}}{L} $,
39850657_eq2,39850657,1,False,$ aa^{n} $,
39850657_eq3,39850657,2,False,$ C_{α_{i+1}}-C_{α_{i}} $,
39850657_eq4,39850657,3,False,$ C_{α_{i-1}}-C_{α_{i}} $,
39850657_eq5,39850657,4,False,$ C_{β_{i}}-C_{α_{i}} $,
39850657_eq6,39850657,5,False,$ C_{β} $,
39850657_eq7,39850657,6,False,$ C_{α} $,
39850657_eq8,39850657,7,False,$ τ_{ij} $,
39850657_eq9,39850657,8,False,$ τ_{ji} $,
39850657_eq10,39850657,9,False,$ λ_{ij} $,
39850657_eq11,39850657,10,False,$ λ_{ji} $,
39850657_eq12,39850657,11,False,$ C_{β} $,
39850657_eq13,39850657,12,False,$ τ_{ij} $,
39850657_eq14,39850657,13,False,$ λ_{ij} $,
39850657_eq15,39850657,14,False,$ τ_{ji} $,
39850657_eq16,39850657,15,False,$ λ_{ji} $,
39850657_eq17,39850657,16,False,$ C_{β} $,
39850657_eq18,39850657,17,True,$ relPos(aa)=|\frac{aa_{i}^{n}}{L}-\frac{aa_{j}^{n}}{L}| $,
39850657_eq19,39850657,18,False,$ aa_{i}^{n} $,
39850657_eq20,39850657,19,False,$ aa_{j}^{n} $,
39850657_eq21,39850657,20,False,$ F_{Nat} $,
39850657_eq22,39850657,21,False,$ F_{Nat} $,
39850657_eq23,39850657,22,True,"$ RMS_{scaled}(RMS,d_{i})=\frac{1}{1+(\frac{RMS}{d_{i}})^{2}}, $",
39850657_eq24,39850657,23,True,"$ DockQ(F_{nat},LRMS,iRMS,d_{1},d_{2})=\frac{F_{nat}+RMS_{scaled}(LRMS,d_{1})+RMS_{scaled}(iRMS,d_{2})}{3}. $",
39850657_eq25,39850657,24,True,"$ ρ‾_{Spearman}=\frac{1}{N}\sumi=1Nρ_{Spearman}(Predicted,DockQ), $",
39850657_eq26,39850657,25,False,$ Predicted $,
39850657_eq27,39850657,26,False,$ DockQ $,
39850657_eq28,39850657,27,True,$ Hit rate(N)=\frac{H(N)}{M}\times100% $,
39850657_eq29,39850657,28,False,$ H(N)$,
39850657_eq30,39850657,29,True,$ Success rate(N)=\frac{S(N)}{K}\times100% $,
39850657_eq31,39850657,30,False,$ S(N)$,
39850657_eq32,39850657,31,False,$ h_{n} $,
39850657_eq33,39850657,32,False,$ h_{e} $,
39850657_eq34,39850657,33,False,$ h_{x} $,
39850657_eq35,39850657,34,False,"$(i,j)$",
39850657_eq36,39850657,35,False,$ Φ_{e} $,
39850657_eq37,39850657,36,False,$ Φ_{h} $,
39850657_eq38,39850657,37,False,$ Φ_{x} $,
39850657_eq39,39850657,38,False,$ m_{ij} $,
39850657_eq40,39850657,39,False,$ Φ_{e} $,
39850657_eq41,39850657,40,False,$ h_{n} $,
39850657_eq42,39850657,41,False,$ a_{ij} $,
39850657_eq43,39850657,42,False,"$ x_{i},x_{j} $",
39850657_eq44,39850657,43,True,"$ m_{ij}=Φ_{e}(h_{i}^{l},h_{j}^{l},‖x_{i}^{l}-x_{j}^{l}‖^{2},a_{ij})$",
39850657_eq45,39850657,44,False,$ m_{ij} $,
39850657_eq46,39850657,45,False,$ h_{i}^{l} $,
39850657_eq47,39850657,46,False,$ h_{j}^{l} $,
39850657_eq48,39850657,47,False,$ ‖x_{i}^{l}-x_{j}^{l}‖^{2} $,
39850657_eq49,39850657,48,False,$ m_{ij} $,
39850657_eq50,39850657,49,False,$ x_{i} $,
39850657_eq51,39850657,50,False,$ l+1 $,
39850657_eq52,39850657,51,False,$ x_{i} $,
39850657_eq53,39850657,52,False,$ m_{ij} $,
39850657_eq54,39850657,53,True,$ x_{i}^{(l+1)}=x_{i}^{l}+C\sumj eqi(x_{i}^{l}-x_{j}^{l})Φ_{x}(m_{ij})$,
39850657_eq55,39850657,54,False,$ x_{i}^{l} $,
39850657_eq56,39850657,55,False,$(x_{i}^{l}-x_{j}^{l})$,
39850657_eq57,39850657,56,False,$ m_{ij} $,
39850657_eq58,39850657,57,True,$(\frac{1}{N(i)})$,
39850657_eq59,39850657,58,True,$ m_{i}=\sumj eqim_{ij} $,
39850657_eq60,39850657,59,False,$ h_{i}^{l} $,
39850657_eq61,39850657,60,False,$ l+1 $,
39850657_eq62,39850657,61,True,"$ h_{i}^{(l+1)}=Φ_{h}(h_{i}^{l},m_{i})$",
39850657_eq63,39850657,62,False,$ e_{ij} $,
39850657_eq64,39850657,63,False,$ C_{β}-C_{β} $,
39850657_eq65,39850657,64,False,$ d_{ij}^{model} $,
39850657_eq66,39850657,65,False,$ d_{ij}^{native} $,
39850657_eq67,39850657,66,False,$ z_{ij}(d)$,
39850657_eq68,39850657,67,False,$ e_{ij} $,
39850657_eq69,39850657,68,True,$ z_{ij}(d)={\begin{matrix} 1 & ifd_{ij}^{model}<10Åandd_{ij}^{native}<10Å \\ \frac{1}{1+(\frac{|d_{ij}^{model}-d_{ij}^{native}|}{d_{0}})^{2}} & otherwise \end{matrix} $,
39850657_eq70,39850657,69,False,$ |d_{ij}^{model}-d_{ij}^{native}| $,
39850657_eq71,39850657,70,False,$ e_{ij} $,
39850657_eq72,39850657,71,False,$ d_{0} $,
39850657_eq73,39850657,72,False,$ 10Å $,
39850657_eq74,39850657,73,False,$ e_{ij} $,
39850657_eq75,39850657,74,False,"$(Ω,τ_{ij},τ_{ji})$",
39850657_eq76,39850657,75,False,"$(λ_{ij},λ_{ji})$",
39850657_eq77,39850657,76,False,$ d_{ij}^{model} $,
39850657_eq78,39850657,77,False,$ d_{ij}^{native} $,
39850657_eq79,39850657,78,True,"$ z_{ij}(a\to)=\sqrt{(min⁡(|a_{ij}^{native}-a_{ij}^{model}|,2π-|a_{ij}^{native}-a_{ij}^{model}|))^{2}} $",
39850657_eq80,39850657,79,False,$ a\to $,
39850657_eq81,39850657,80,False,$ τ_{ij} $,
39850657_eq82,39850657,81,False,$ τ_{ji} $,
39850657_eq83,39850657,82,False,$ λ_{ij} $,
39850657_eq84,39850657,83,False,$ λ_{ji} $,
39850657_eq85,39850657,84,True,$ Normalized Angular RMSD=\frac{1}{1+(\frac{z_{ij}(a\to)}{\frac{π}{4}})^{2}} $,
39850657_eq86,39850657,85,False,"$ a\to∈{τ_{ij},τ_{ji},Ω} $",
39850657_eq87,39850657,86,False,$ z_{ij}(λ)$,
39850657_eq88,39850657,87,True,$ Normalized Angular RMSD=\frac{1}{1+(\frac{z_{ij}(λ)}{\frac{π}{8}})^{2}} $,
39850657_eq89,39850657,88,False,$ z_{ij}(d)$,
39850657_eq90,39850657,89,False,"$ z_{ij}(Ω,λ_{ij},λ_{ji},τ_{ij},τ_{ji} $",
39850657_eq91,39850657,90,False,$ z_{ij}(d)$,
39850657_eq92,39850657,91,False,"$ z_{ij}(Ω,λ_{ij},λ_{ji},τ_{ij},τ_{ji} $",
39850657_eq93,39850657,92,False,$ h_{i}^{l} $,
39850657_eq94,39850657,93,False,$ h_{j}^{l} $,
39850657_eq95,39850657,94,False,"$(h_{i}^{l},h_{j}^{l})$",
39850657_eq96,39850657,95,True,$ h_{ij}^{′}=h_{i}^{l}\cdoth_{j}^{l} $,
39850657_eq97,39850657,96,False,$ h_{i}^{l} $,
39850657_eq98,39850657,97,False,$ h_{j}^{l} $,
39850657_eq99,39850657,98,False,$ h_{ij}^{′} $,
39850657_eq100,39850657,99,False,$ |e| $,
39850657_eq101,39850657,100,True,"$ Q(k)=\frac{\sum_{e_{ij}∈E}h_{ij}^{′}}{|E|}wherek∈{z_{ij(d)},Ω,λ_{ij},λ_{ji},τ_{ij},τ_{ji}} $",
39850657_eq102,39850657,101,False,$ |E| $,
39850657_eq103,39850657,102,False,$ z_{ij} $,
39850657_eq104,39850657,103,False,"$ Ω,λ_{ij},λ_{ji},τ_{ij},τ_{ji} $",
39850657_eq105,39850657,104,True,$ EquiRank_score=\frac{Q(d)+Q(Ω)+Q(λ_{ij})+Q(λ_{ji})+Q(τ_{ij})+Q(τ_{ji})}{6} $,
39850657_eq106,39850657,105,True,$ relPos(aa)=\frac{aa^{n}}{L} $,
39850657_eq107,39850657,106,False,$ aa^{n} $,
39850657_eq108,39850657,107,False,$ C_{α_{i+1}}-C_{α_{i}} $,
39850657_eq109,39850657,108,False,$ C_{α_{i-1}}-C_{α_{i}} $,
39850657_eq110,39850657,109,False,$ C_{β_{i}}-C_{α_{i}} $,
39850657_eq111,39850657,110,False,$ C_{β} $,
39850657_eq112,39850657,111,False,$ C_{α} $,
39850657_eq113,39850657,112,False,$ τ_{ij} $,
39850657_eq114,39850657,113,False,$ τ_{ji} $,
39850657_eq115,39850657,114,False,$ λ_{ij} $,
39850657_eq116,39850657,115,False,$ λ_{ji} $,
39850657_eq117,39850657,116,False,$ C_{β} $,
39850657_eq118,39850657,117,False,$ τ_{ij} $,
39850657_eq119,39850657,118,False,$ λ_{ij} $,
39850657_eq120,39850657,119,False,$ τ_{ji} $,
39850657_eq121,39850657,120,False,$ λ_{ji} $,
39850657_eq122,39850657,121,False,$ C_{β} $,
39850657_eq123,39850657,122,True,$ relPos(aa)=|\frac{aa_{i}^{n}}{L}-\frac{aa_{j}^{n}}{L}| $,
39850657_eq124,39850657,123,False,$ aa_{i}^{n} $,
39850657_eq125,39850657,124,False,$ aa_{j}^{n} $,
39850657_eq126,39850657,125,False,$ F_{Nat} $,
39850657_eq127,39850657,126,False,$ F_{Nat} $,
39850657_eq128,39850657,127,True,"$ RMS_{scaled}(RMS,d_{i})=\frac{1}{1+(\frac{RMS}{d_{i}})^{2}}, $",
39850657_eq129,39850657,128,True,"$ DockQ(F_{nat},LRMS,iRMS,d_{1},d_{2})=\frac{F_{nat}+RMS_{scaled}(LRMS,d_{1})+RMS_{scaled}(iRMS,d_{2})}{3}. $",
39850657_eq130,39850657,129,True,"$ ρ‾_{Spearman}=\frac{1}{N}\sumi=1Nρ_{Spearman}(Predicted,DockQ), $",
39850657_eq131,39850657,130,False,$ Predicted $,
39850657_eq132,39850657,131,False,$ DockQ $,
39850657_eq133,39850657,132,True,$ Hit rate(N)=\frac{H(N)}{M}\times100% $,
39850657_eq134,39850657,133,False,$ H(N)$,
39850657_eq135,39850657,134,True,$ Success rate(N)=\frac{S(N)}{K}\times100% $,
39850657_eq136,39850657,135,False,$ S(N)$,
39850657_eq137,39850657,136,False,$ h_{n} $,
39850657_eq138,39850657,137,False,$ h_{e} $,
39850657_eq139,39850657,138,False,$ h_{x} $,
39850657_eq140,39850657,139,False,"$(i,j)$",
39850657_eq141,39850657,140,False,$ Φ_{e} $,
39850657_eq142,39850657,141,False,$ Φ_{h} $,
39850657_eq143,39850657,142,False,$ Φ_{x} $,
39850657_eq144,39850657,143,False,$ m_{ij} $,
39850657_eq145,39850657,144,False,$ Φ_{e} $,
39850657_eq146,39850657,145,False,$ h_{n} $,
39850657_eq147,39850657,146,False,$ a_{ij} $,
39850657_eq148,39850657,147,False,"$ x_{i},x_{j} $",
39850657_eq149,39850657,148,True,"$ m_{ij}=Φ_{e}(h_{i}^{l},h_{j}^{l},‖x_{i}^{l}-x_{j}^{l}‖^{2},a_{ij})$",
39850657_eq150,39850657,149,False,$ m_{ij} $,
39850657_eq151,39850657,150,False,$ h_{i}^{l} $,
39850657_eq152,39850657,151,False,$ h_{j}^{l} $,
39850657_eq153,39850657,152,False,$ ‖x_{i}^{l}-x_{j}^{l}‖^{2} $,
39850657_eq154,39850657,153,False,$ m_{ij} $,
39850657_eq155,39850657,154,False,$ x_{i} $,
39850657_eq156,39850657,155,False,$ l+1 $,
39850657_eq157,39850657,156,False,$ x_{i} $,
39850657_eq158,39850657,157,False,$ m_{ij} $,
39850657_eq159,39850657,158,True,$ x_{i}^{(l+1)}=x_{i}^{l}+C\sumj eqi(x_{i}^{l}-x_{j}^{l})Φ_{x}(m_{ij})$,
39850657_eq160,39850657,159,False,$ x_{i}^{l} $,
39850657_eq161,39850657,160,False,$(x_{i}^{l}-x_{j}^{l})$,
39850657_eq162,39850657,161,False,$ m_{ij} $,
39850657_eq163,39850657,162,True,$(\frac{1}{N(i)})$,
39850657_eq164,39850657,163,True,$ m_{i}=\sumj eqim_{ij} $,
39850657_eq165,39850657,164,False,$ h_{i}^{l} $,
39850657_eq166,39850657,165,False,$ l+1 $,
39850657_eq167,39850657,166,True,"$ h_{i}^{(l+1)}=Φ_{h}(h_{i}^{l},m_{i})$",
39850657_eq168,39850657,167,False,$ e_{ij} $,
39850657_eq169,39850657,168,False,$ C_{β}-C_{β} $,
39850657_eq170,39850657,169,False,$ d_{ij}^{model} $,
39850657_eq171,39850657,170,False,$ d_{ij}^{native} $,
39850657_eq172,39850657,171,False,$ z_{ij}(d)$,
39850657_eq173,39850657,172,False,$ e_{ij} $,
39850657_eq174,39850657,173,True,$ z_{ij}(d)={\begin{matrix} 1 & ifd_{ij}^{model}<10Åandd_{ij}^{native}<10Å \\ \frac{1}{1+(\frac{|d_{ij}^{model}-d_{ij}^{native}|}{d_{0}})^{2}} & otherwise \end{matrix} $,
39850657_eq175,39850657,174,False,$ |d_{ij}^{model}-d_{ij}^{native}| $,
39850657_eq176,39850657,175,False,$ e_{ij} $,
39850657_eq177,39850657,176,False,$ d_{0} $,
39850657_eq178,39850657,177,False,$ 10Å $,
39850657_eq179,39850657,178,False,$ e_{ij} $,
39850657_eq180,39850657,179,False,"$(Ω,τ_{ij},τ_{ji})$",
39850657_eq181,39850657,180,False,"$(λ_{ij},λ_{ji})$",
39850657_eq182,39850657,181,False,$ d_{ij}^{model} $,
39850657_eq183,39850657,182,False,$ d_{ij}^{native} $,
39850657_eq184,39850657,183,True,"$ z_{ij}(a\to)=\sqrt{(min⁡(|a_{ij}^{native}-a_{ij}^{model}|,2π-|a_{ij}^{native}-a_{ij}^{model}|))^{2}} $",
39850657_eq185,39850657,184,False,$ a\to $,
39850657_eq186,39850657,185,False,$ τ_{ij} $,
39850657_eq187,39850657,186,False,$ τ_{ji} $,
39850657_eq188,39850657,187,False,$ λ_{ij} $,
39850657_eq189,39850657,188,False,$ λ_{ji} $,
39850657_eq190,39850657,189,True,$ Normalized Angular RMSD=\frac{1}{1+(\frac{z_{ij}(a\to)}{\frac{π}{4}})^{2}} $,
39850657_eq191,39850657,190,False,"$ a\to∈{τ_{ij},τ_{ji},Ω} $",
39850657_eq192,39850657,191,False,$ z_{ij}(λ)$,
39850657_eq193,39850657,192,True,$ Normalized Angular RMSD=\frac{1}{1+(\frac{z_{ij}(λ)}{\frac{π}{8}})^{2}} $,
39850657_eq194,39850657,193,False,$ z_{ij}(d)$,
39850657_eq195,39850657,194,False,"$ z_{ij}(Ω,λ_{ij},λ_{ji},τ_{ij},τ_{ji} $",
39850657_eq196,39850657,195,False,$ z_{ij}(d)$,
39850657_eq197,39850657,196,False,"$ z_{ij}(Ω,λ_{ij},λ_{ji},τ_{ij},τ_{ji} $",
39850657_eq198,39850657,197,False,$ h_{i}^{l} $,
39850657_eq199,39850657,198,False,$ h_{j}^{l} $,
39850657_eq200,39850657,199,False,"$(h_{i}^{l},h_{j}^{l})$",
39850657_eq201,39850657,200,True,$ h_{ij}^{′}=h_{i}^{l}\cdoth_{j}^{l} $,
39850657_eq202,39850657,201,False,$ h_{i}^{l} $,
39850657_eq203,39850657,202,False,$ h_{j}^{l} $,
39850657_eq204,39850657,203,False,$ h_{ij}^{′} $,
39850657_eq205,39850657,204,False,$ |e| $,
39850657_eq206,39850657,205,True,"$ Q(k)=\frac{\sum_{e_{ij}∈E}h_{ij}^{′}}{|E|}wherek∈{z_{ij(d)},Ω,λ_{ij},λ_{ji},τ_{ij},τ_{ji}} $",
39850657_eq207,39850657,206,False,$ |E| $,
39850657_eq208,39850657,207,False,$ z_{ij} $,
39850657_eq209,39850657,208,False,"$ Ω,λ_{ij},λ_{ji},τ_{ij},τ_{ji} $",
39850657_eq210,39850657,209,True,$ EquiRank_score=\frac{Q(d)+Q(Ω)+Q(λ_{ij})+Q(λ_{ji})+Q(τ_{ij})+Q(τ_{ji})}{6} $,
39811675_eq1,39811675,0,True,$ \begin{matrix} Cholesterol micelle solubility inhibition rate()= \\ \frac{C_{0}-C_{1}}{C_{0}}\times100 \end{matrix} $,
39811675_eq2,39811675,1,True,$ HMGCR inhibition rate(%)=\frac{\frac{-ΔA340nm}{ΔT}(Enzyme)-\frac{-ΔA340nm}{ΔT}(Enzyme+Inhubitor)}{\frac{-ΔA340nm}{ΔT}(Enzyme)}\times100. $,
39811675_eq3,39811675,2,True,$ \begin{matrix} Cholesterol micelle solubility inhibition rate()= \\ \frac{C_{0}-C_{1}}{C_{0}}\times100 \end{matrix} $,
39811675_eq4,39811675,3,True,$ HMGCR inhibition rate(%)=\frac{\frac{-ΔA340nm}{ΔT}(Enzyme)-\frac{-ΔA340nm}{ΔT}(Enzyme+Inhubitor)}{\frac{-ΔA340nm}{ΔT}(Enzyme)}\times100. $,
39796080_eq1,39796080,0,False,$ \frac{2\timesPrecision@K\timesRecall@K}{Precision@K+Recall@K} $,
39796080_eq2,39796080,1,False,$ \frac{2\timesPrecision@K\timesRecall@K}{Precision@K+Recall@K} $,
39737570_eq1,39737570,0,True,$ \documentclass[12pt]{minimal} \usepackage{amsmath} \usepackage{wasysym} \usepackage{amsfonts} \usepackage{amssymb} \usepackage{amsbsy} \usepackage{upgreek} \usepackage{mathrsfs} \setlength{\oddsidemargin}{-69pt} \begin{document} \begin{equation*} {\boldsymbol{R}}^{\mathbf{2}}=\mathbf{1}-\frac{\sum_{\boldsymbol{i}}{\left({\boldsymbol{y}}_{\boldsymbol{i}}-\hat{{\boldsymbol{y}}_{\boldsymbol{i}}}\right)}^{\mathbf{2}}}{\sum_{\boldsymbol{i}}{\left({\boldsymbol{y}}_{\boldsymbol{i}}-\overline{{\boldsymbol{y}}_{\boldsymbol{i}}}\right)}^{\mathbf{2}}} \end{equation*}\end{document} $,
39737570_eq2,39737570,1,True,$ \documentclass[12pt]{minimal} \usepackage{amsmath} \usepackage{wasysym} \usepackage{amsfonts} \usepackage{amssymb} \usepackage{amsbsy} \usepackage{upgreek} \usepackage{mathrsfs} \setlength{\oddsidemargin}{-69pt} \begin{document} \begin{equation*}\kern-1.5pc \boldsymbol{MSE}=\frac{\mathbf{1}}{\boldsymbol{N}}\sum_{\boldsymbol{i}=\mathbf{1}}^{\boldsymbol{N}}{\left({\boldsymbol{y}}_{\boldsymbol{i}}-\hat{{\boldsymbol{y}}_{\boldsymbol{i}}}\right)}^{\mathbf{2}} \end{equation*}\end{document} $,
39737570_eq3,39737570,2,True,$ \documentclass[12pt]{minimal} \usepackage{amsmath} \usepackage{wasysym} \usepackage{amsfonts} \usepackage{amssymb} \usepackage{amsbsy} \usepackage{upgreek} \usepackage{mathrsfs} \setlength{\oddsidemargin}{-69pt} \begin{document} \begin{equation*}\kern-2pc \boldsymbol{MAE}=\frac{\mathbf{1}}{\boldsymbol{N}}\sum_{\boldsymbol{i}=\mathbf{1}}^{\boldsymbol{N}}\left|{\boldsymbol{y}}_{\boldsymbol{i}}-\hat{{\boldsymbol{y}}_{\boldsymbol{i}}}\right| \end{equation*}\end{document} $,
39737570_eq4,39737570,3,False,$ \documentclass[12pt]{minimal} \usepackage{amsmath} \usepackage{wasysym} \usepackage{amsfonts} \usepackage{amssymb} \usepackage{amsbsy} \usepackage{upgreek} \usepackage{mathrsfs} \setlength{\oddsidemargin}{-69pt} \begin{document} $N$\end{document} $,
39737570_eq5,39737570,4,False,$ \documentclass[12pt]{minimal} \usepackage{amsmath} \usepackage{wasysym} \usepackage{amsfonts} \usepackage{amssymb} \usepackage{amsbsy} \usepackage{upgreek} \usepackage{mathrsfs} \setlength{\oddsidemargin}{-69pt} \begin{document} ${y}_i$\end{document} $,
39737570_eq6,39737570,5,False,$ \documentclass[12pt]{minimal} \usepackage{amsmath} \usepackage{wasysym} \usepackage{amsfonts} \usepackage{amssymb} \usepackage{amsbsy} \usepackage{upgreek} \usepackage{mathrsfs} \setlength{\oddsidemargin}{-69pt} \begin{document} $\hat{y_i}$\end{document} $,
39737570_eq7,39737570,6,False,$ \documentclass[12pt]{minimal} \usepackage{amsmath} \usepackage{wasysym} \usepackage{amsfonts} \usepackage{amssymb} \usepackage{amsbsy} \usepackage{upgreek} \usepackage{mathrsfs} \setlength{\oddsidemargin}{-69pt} \begin{document} $\overline{y_i}$\end{document} $,
39737570_eq8,39737570,7,True,$ \documentclass[12pt]{minimal} \usepackage{amsmath} \usepackage{wasysym} \usepackage{amsfonts} \usepackage{amssymb} \usepackage{amsbsy} \usepackage{upgreek} \usepackage{mathrsfs} \setlength{\oddsidemargin}{-69pt} \begin{document} \begin{equation*} \boldsymbol{MSE}=\frac{\mathbf{1}}{{\boldsymbol{N}}_{\boldsymbol{c}}}\sum_{\boldsymbol{i}=\mathbf{1}}^{{\boldsymbol{N}}_{\boldsymbol{c}}}{\left({\boldsymbol{y}}_{\boldsymbol{i}}-\hat{{\boldsymbol{y}}_{\boldsymbol{i}}}\right)}^{\mathbf{2}} \end{equation*}\end{document} $,
39737570_eq9,39737570,8,False,$ \documentclass[12pt]{minimal} \usepackage{amsmath} \usepackage{wasysym} \usepackage{amsfonts} \usepackage{amssymb} \usepackage{amsbsy} \usepackage{upgreek} \usepackage{mathrsfs} \setlength{\oddsidemargin}{-69pt} \begin{document} ${N}_c$\end{document} $,
39737570_eq10,39737570,9,True,$ \documentclass[12pt]{minimal} \usepackage{amsmath} \usepackage{wasysym} \usepackage{amsfonts} \usepackage{amssymb} \usepackage{amsbsy} \usepackage{upgreek} \usepackage{mathrsfs} \setlength{\oddsidemargin}{-69pt} \begin{document} \begin{equation*}\kern-.9pc \boldsymbol{EF}@\mathbf{300}=\frac{{\boldsymbol{TP}}_{\mathbf{300}}/\mathbf{300}}{\boldsymbol{TP}/\boldsymbol{N}} \end{equation*}\end{document} $,
39737570_eq11,39737570,10,True,$ \documentclass[12pt]{minimal} \usepackage{amsmath} \usepackage{wasysym} \usepackage{amsfonts} \usepackage{amssymb} \usepackage{amsbsy} \usepackage{upgreek} \usepackage{mathrsfs} \setlength{\oddsidemargin}{-69pt} \begin{document} \begin{equation*} \boldsymbol{HR}@\mathbf{300}=\mathbf{100}\%\times \frac{{\boldsymbol{TP}}_{\mathbf{300}}}{\mathbf{300}} \end{equation*}\end{document} $,
39737570_eq12,39737570,11,False,$ \documentclass[12pt]{minimal} \usepackage{amsmath} \usepackage{wasysym} \usepackage{amsfonts} \usepackage{amssymb} \usepackage{amsbsy} \usepackage{upgreek} \usepackage{mathrsfs} \setlength{\oddsidemargin}{-69pt} \begin{document} ${TP}_{300}$\end{document} $,
39737570_eq13,39737570,12,False,$ \documentclass[12pt]{minimal} \usepackage{amsmath} \usepackage{wasysym} \usepackage{amsfonts} \usepackage{amssymb} \usepackage{amsbsy} \usepackage{upgreek} \usepackage{mathrsfs} \setlength{\oddsidemargin}{-69pt} \begin{document} $TP$\end{document} $,
39737570_eq14,39737570,13,True,$ \documentclass[12pt]{minimal} \usepackage{amsmath} \usepackage{wasysym} \usepackage{amsfonts} \usepackage{amssymb} \usepackage{amsbsy} \usepackage{upgreek} \usepackage{mathrsfs} \setlength{\oddsidemargin}{-69pt} \begin{document} \begin{equation*} {\boldsymbol{R}}^{\mathbf{2}}=\mathbf{1}-\frac{\sum_{\boldsymbol{i}}{\left({\boldsymbol{y}}_{\boldsymbol{i}}-\hat{{\boldsymbol{y}}_{\boldsymbol{i}}}\right)}^{\mathbf{2}}}{\sum_{\boldsymbol{i}}{\left({\boldsymbol{y}}_{\boldsymbol{i}}-\overline{{\boldsymbol{y}}_{\boldsymbol{i}}}\right)}^{\mathbf{2}}} \end{equation*}\end{document} $,
39737570_eq15,39737570,14,True,$ \documentclass[12pt]{minimal} \usepackage{amsmath} \usepackage{wasysym} \usepackage{amsfonts} \usepackage{amssymb} \usepackage{amsbsy} \usepackage{upgreek} \usepackage{mathrsfs} \setlength{\oddsidemargin}{-69pt} \begin{document} \begin{equation*}\kern-1.5pc \boldsymbol{MSE}=\frac{\mathbf{1}}{\boldsymbol{N}}\sum_{\boldsymbol{i}=\mathbf{1}}^{\boldsymbol{N}}{\left({\boldsymbol{y}}_{\boldsymbol{i}}-\hat{{\boldsymbol{y}}_{\boldsymbol{i}}}\right)}^{\mathbf{2}} \end{equation*}\end{document} $,
39737570_eq16,39737570,15,True,$ \documentclass[12pt]{minimal} \usepackage{amsmath} \usepackage{wasysym} \usepackage{amsfonts} \usepackage{amssymb} \usepackage{amsbsy} \usepackage{upgreek} \usepackage{mathrsfs} \setlength{\oddsidemargin}{-69pt} \begin{document} \begin{equation*}\kern-2pc \boldsymbol{MAE}=\frac{\mathbf{1}}{\boldsymbol{N}}\sum_{\boldsymbol{i}=\mathbf{1}}^{\boldsymbol{N}}\left|{\boldsymbol{y}}_{\boldsymbol{i}}-\hat{{\boldsymbol{y}}_{\boldsymbol{i}}}\right| \end{equation*}\end{document} $,
39737570_eq17,39737570,16,False,$ \documentclass[12pt]{minimal} \usepackage{amsmath} \usepackage{wasysym} \usepackage{amsfonts} \usepackage{amssymb} \usepackage{amsbsy} \usepackage{upgreek} \usepackage{mathrsfs} \setlength{\oddsidemargin}{-69pt} \begin{document} $N$\end{document} $,
39737570_eq18,39737570,17,False,$ \documentclass[12pt]{minimal} \usepackage{amsmath} \usepackage{wasysym} \usepackage{amsfonts} \usepackage{amssymb} \usepackage{amsbsy} \usepackage{upgreek} \usepackage{mathrsfs} \setlength{\oddsidemargin}{-69pt} \begin{document} ${y}_i$\end{document} $,
39737570_eq19,39737570,18,False,$ \documentclass[12pt]{minimal} \usepackage{amsmath} \usepackage{wasysym} \usepackage{amsfonts} \usepackage{amssymb} \usepackage{amsbsy} \usepackage{upgreek} \usepackage{mathrsfs} \setlength{\oddsidemargin}{-69pt} \begin{document} $\hat{y_i}$\end{document} $,
39737570_eq20,39737570,19,False,$ \documentclass[12pt]{minimal} \usepackage{amsmath} \usepackage{wasysym} \usepackage{amsfonts} \usepackage{amssymb} \usepackage{amsbsy} \usepackage{upgreek} \usepackage{mathrsfs} \setlength{\oddsidemargin}{-69pt} \begin{document} $\overline{y_i}$\end{document} $,
39737570_eq21,39737570,20,True,$ \documentclass[12pt]{minimal} \usepackage{amsmath} \usepackage{wasysym} \usepackage{amsfonts} \usepackage{amssymb} \usepackage{amsbsy} \usepackage{upgreek} \usepackage{mathrsfs} \setlength{\oddsidemargin}{-69pt} \begin{document} \begin{equation*} \boldsymbol{MSE}=\frac{\mathbf{1}}{{\boldsymbol{N}}_{\boldsymbol{c}}}\sum_{\boldsymbol{i}=\mathbf{1}}^{{\boldsymbol{N}}_{\boldsymbol{c}}}{\left({\boldsymbol{y}}_{\boldsymbol{i}}-\hat{{\boldsymbol{y}}_{\boldsymbol{i}}}\right)}^{\mathbf{2}} \end{equation*}\end{document} $,
39737570_eq22,39737570,21,False,$ \documentclass[12pt]{minimal} \usepackage{amsmath} \usepackage{wasysym} \usepackage{amsfonts} \usepackage{amssymb} \usepackage{amsbsy} \usepackage{upgreek} \usepackage{mathrsfs} \setlength{\oddsidemargin}{-69pt} \begin{document} ${N}_c$\end{document} $,
39737570_eq23,39737570,22,True,$ \documentclass[12pt]{minimal} \usepackage{amsmath} \usepackage{wasysym} \usepackage{amsfonts} \usepackage{amssymb} \usepackage{amsbsy} \usepackage{upgreek} \usepackage{mathrsfs} \setlength{\oddsidemargin}{-69pt} \begin{document} \begin{equation*}\kern-.9pc \boldsymbol{EF}@\mathbf{300}=\frac{{\boldsymbol{TP}}_{\mathbf{300}}/\mathbf{300}}{\boldsymbol{TP}/\boldsymbol{N}} \end{equation*}\end{document} $,
39737570_eq24,39737570,23,True,$ \documentclass[12pt]{minimal} \usepackage{amsmath} \usepackage{wasysym} \usepackage{amsfonts} \usepackage{amssymb} \usepackage{amsbsy} \usepackage{upgreek} \usepackage{mathrsfs} \setlength{\oddsidemargin}{-69pt} \begin{document} \begin{equation*} \boldsymbol{HR}@\mathbf{300}=\mathbf{100}\%\times \frac{{\boldsymbol{TP}}_{\mathbf{300}}}{\mathbf{300}} \end{equation*}\end{document} $,
39737570_eq25,39737570,24,False,$ \documentclass[12pt]{minimal} \usepackage{amsmath} \usepackage{wasysym} \usepackage{amsfonts} \usepackage{amssymb} \usepackage{amsbsy} \usepackage{upgreek} \usepackage{mathrsfs} \setlength{\oddsidemargin}{-69pt} \begin{document} ${TP}_{300}$\end{document} $,
39737570_eq26,39737570,25,False,$ \documentclass[12pt]{minimal} \usepackage{amsmath} \usepackage{wasysym} \usepackage{amsfonts} \usepackage{amssymb} \usepackage{amsbsy} \usepackage{upgreek} \usepackage{mathrsfs} \setlength{\oddsidemargin}{-69pt} \begin{document} $TP$\end{document} $,
39696768_eq1,39696768,0,True,1,
39696768_eq2,39696768,1,True,2,
39696768_eq3,39696768,2,True,3,
39696768_eq4,39696768,3,True,4,
39696768_eq5,39696768,4,True,5,
39696768_eq6,39696768,5,True,6,
39696768_eq7,39696768,6,True,7,
39696768_eq8,39696768,7,True,8,
39696768_eq9,39696768,8,True,9,
39696768_eq10,39696768,9,True,10,
39696768_eq11,39696768,10,True,11,
39696768_eq12,39696768,11,True,12,
39696768_eq13,39696768,12,True,13,
39696768_eq14,39696768,13,True,14,
39696768_eq15,39696768,14,True,15,
39696768_eq16,39696768,15,True,16,
39696768_eq17,39696768,16,True,17,
39696768_eq18,39696768,17,True,18,
39696768_eq19,39696768,18,True,1,
39696768_eq20,39696768,19,True,2,
39696768_eq21,39696768,20,True,3,
39696768_eq22,39696768,21,True,4,
39696768_eq23,39696768,22,True,5,
39696768_eq24,39696768,23,True,6,
39696768_eq25,39696768,24,True,7,
39696768_eq26,39696768,25,True,8,
39696768_eq27,39696768,26,True,9,
39696768_eq28,39696768,27,True,10,
39696768_eq29,39696768,28,True,11,
39696768_eq30,39696768,29,True,12,
39696768_eq31,39696768,30,True,13,
39696768_eq32,39696768,31,True,14,
39696768_eq33,39696768,32,True,15,
39696768_eq34,39696768,33,True,16,
39696768_eq35,39696768,34,True,17,
39696768_eq36,39696768,35,True,18,
39689077_eq1,39689077,0,True,$ Gap(ΔE)=[L-H];η=\frac{ΔE}{2};S=\frac{1}{η} $,
39689077_eq2,39689077,1,True,$ μ=\frac{[L+H]}{2};χ=-\frac{[L+H]}{2};ω=\frac{μ2}{2η} $,
39689077_eq3,39689077,2,True,$ ΔG_{bind}=G_{complex}-(G_{receptor}+G_{ligand})$,
39689077_eq4,39689077,3,True,$ Gap(ΔE)=[L-H];η=\frac{ΔE}{2};S=\frac{1}{η} $,
39689077_eq5,39689077,4,True,$ μ=\frac{[L+H]}{2};χ=-\frac{[L+H]}{2};ω=\frac{μ2}{2η} $,
39689077_eq6,39689077,5,True,$ ΔG_{bind}=G_{complex}-(G_{receptor}+G_{ligand})$,
